"Time","Lon","Lat","Time2"
0.0397222222222222,-22545.4513683833,17274.9650889695,2020-01-06 16:54:56
0.123055555555556,-22686.2254334236,17495.0125172995,2020-01-06 16:59:56
0.206388888888889,-22826.5399653115,17714.2998346735,2020-01-06 17:04:56
0.289722222222222,-22965.9346705542,17932.0656724608,2020-01-06 17:09:56
0.373055555555556,-23103.9477337197,18147.5461446007,2020-01-06 17:14:56
0.456388888888889,-23240.1150533203,18359.9735836819,2020-01-06 17:19:56
0.539722222222222,-23373.9694739131,18568.5752707646,2020-01-06 17:24:56
0.623055555555555,-23505.040013148,18772.5721568452,2020-01-06 17:29:56
0.706388888888889,-23632.8510824831,18971.1775738468,2020-01-06 17:34:56
0.789722222222222,-23756.9217002795,19163.5959330037,2020-01-06 17:39:56
0.873055555555555,-23876.7646959716,19349.0214084852,2020-01-06 17:44:56
0.956388888888889,-23991.8859039986,19526.6366040817,2020-01-06 17:49:56
1.03972222222222,-24101.7833461611,19695.6112007463,2020-01-06 17:54:56
1.12305555555556,-24205.9464010513,19855.1005827544,2020-01-06 17:59:56
1.20638888888889,-24303.8549591821,20004.2444402081,2020-01-06 18:04:56
1.28972222222222,-24394.9785624179,20142.1653455732,2020-01-06 18:09:56
1.37305555555556,-24478.7755262815,20267.9673018935,2020-01-06 18:14:56
1.45638888888889,-24554.6920436868,20380.73426028,2020-01-06 18:19:56
1.53972222222222,-24622.1612686132,20479.5286042226,2020-01-06 18:24:56
1.62305555555556,-24680.6023782061,20563.389598216,2020-01-06 18:29:56
1.70638888888889,-24729.4205586796,20631.3332945669,2020-01-06 18:34:56
1.78972222222222,-24768.5126058571,20683.1514627025,2020-01-06 18:39:56
1.87305555555556,-24799.102059456,20720.7312796954,2020-01-06 18:44:56
1.95638888888889,-24822.6179008274,20746.2832561972,2020-01-06 18:49:56
2.03972222222222,-24840.4774073704,20761.9980016741,2020-01-06 18:54:56
2.12305555555556,-24854.0884975502,20770.0498489754,2020-01-06 18:59:56
2.20638888888889,-24864.784374683,20772.531191113,2020-01-06 19:04:56
2.28972222222222,-24873.2106296976,20770.8265261605,2020-01-06 19:09:56
2.37305555555556,-24879.6134898683,20765.9086115306,2020-01-06 19:14:56
2.45638888888889,-24884.2309937105,20758.7399345001,2020-01-06 19:19:56
2.53972222222222,-24887.2982257008,20750.2792582491,2020-01-06 19:24:56
2.62305555555556,-24889.0477052465,20741.4832082243,2020-01-06 19:29:56
2.70638888888889,-24889.7097714101,20733.3078549653,2020-01-06 19:34:56
2.78972222222222,-24889.5129640275,20726.7102960124,2020-01-06 19:39:56
2.87305555555556,-24888.6844018479,20722.6502395141,2020-01-06 19:44:56
2.95638888888889,-24887.4501583232,20722.0915921532,2020-01-06 19:49:56
3.03972222222222,-24886.0356356678,20726.0040540213,2020-01-06 19:54:56
3.12305555555556,-24884.6659378072,20735.3647230773,2020-01-06 19:59:56
3.20638888888889,-24883.566242834,20751.1597118479,2020-01-06 20:04:56
3.28972222222222,-24882.9621755856,20774.3857790423,2020-01-06 20:09:56
3.37305555555556,-24883.0801809617,20806.0519787829,2020-01-06 20:14:56
3.45638888888889,-24884.147816636,20847.1813806563,2020-01-06 20:19:56
3.53972222222222,-24886.310312482,20898.864381429,2020-01-06 20:24:56
3.62305555555556,-24889.4725758459,20962.3579586219,2020-01-06 20:29:56
3.70638888888889,-24893.4977535819,21038.9653685025,2020-01-06 20:34:56
3.78972222222222,-24898.2504203167,21130.0115653991,2020-01-06 20:39:56
3.87305555555556,-24903.4471282172,21236.1779715152,2020-01-06 20:44:56
3.95638888888889,-24907.8436416538,21353.8705629808,2020-01-06 20:49:56
4.03972222222222,-24909.8131993876,21477.8094412667,2020-01-06 20:54:56
4.12305555555556,-24907.7240679065,21602.7207642447,2020-01-06 20:59:56
4.20638888888889,-24899.9377982183,21723.3322987873,2020-01-06 21:04:56
4.28972222222222,-24884.8065148835,21834.3646973655,2020-01-06 21:09:56
4.37305555555556,-24860.6701894518,21930.5227628755,2020-01-06 21:14:56
4.45638888888889,-24825.8538937901,22006.4866872405,2020-01-06 21:19:56
4.53972222222222,-24779.076725029,22057.8451658001,2020-01-06 21:24:56
4.62305555555556,-24721.405672167,22085.5631825963,2020-01-06 21:29:56
4.70638888888889,-24654.7343120084,22092.498988881,2020-01-06 21:34:56
4.78972222222222,-24580.9423733759,22081.4788380542,2020-01-06 21:39:56
4.87305555555556,-24501.8978034304,22055.299273708,2020-01-06 21:44:56
4.95638888888889,-24419.4598583639,22016.7317567698,2020-01-06 21:49:56
5.03972222222222,-24335.4821797124,21968.5272511427,2020-01-06 21:54:56
5.12305555555556,-24251.8082896592,21913.4102034137,2020-01-06 21:59:56
5.20638888888889,-24169.9696585753,21853.6572183685,2020-01-06 22:04:56
5.28972222222222,-24091.0839324448,21790.9551877817,2020-01-06 22:09:56
5.37305555555556,-24016.2446697987,21726.9456699551,2020-01-06 22:14:56
5.45638888888889,-23946.5521244197,21663.2680598309,2020-01-06 22:19:56
5.53972222222222,-23883.1150658146,21601.5623015232,2020-01-06 22:24:56
5.62305555555556,-23827.0526137774,21543.4716017593,2020-01-06 22:29:56
5.70638888888889,-23779.496090077,21490.6451487184,2020-01-06 22:34:56
5.78972222222222,-23741.4763424962,21444.5684363969,2020-01-06 22:39:56
5.87305555555556,-23713.1367618814,21405.3786781991,2020-01-06 22:44:56
5.95638888888889,-23694.2086973729,21372.5802177814,2020-01-06 22:49:56
6.03972222222222,-23684.4365002373,21345.6841055683,2020-01-06 22:54:56
6.12305555555556,-23683.5796578229,21324.2111520678,2020-01-06 22:59:56
6.20638888888889,-23691.1812149152,21307.5874088133,2020-01-06 23:04:56
6.28972222222222,-23705.9777742973,21294.8788368962,2020-01-06 23:09:56
6.37305555555556,-23726.5359643319,21285.0762698223,2020-01-06 23:14:56
6.45638888888889,-23751.4319465376,21277.175349354,2020-01-06 23:19:56
6.53972222222222,-23779.2490597152,21270.1748637055,2020-01-06 23:24:56
6.62305555555556,-23808.5754759495,21263.0750909444,2020-01-06 23:29:56
6.70638888888889,-23837.9733400681,21255.002045769,2020-01-06 23:34:56
6.78972222222222,-23865.7231496508,21246.3559845439,2020-01-06 23:39:56
6.87305555555556,-23890.2173570609,21238.0125646577,2020-01-06 23:44:56
6.95638888888889,-23910.1711916272,21230.5387252295,2020-01-06 23:49:56
7.03972222222222,-23924.3108541696,21224.4850114447,2020-01-06 23:54:56
7.12305555555556,-23931.3529254176,21220.4043182193,2020-01-06 23:59:56
7.20638888888889,-23930.0022424732,21218.8528050162,2020-01-07 00:04:56
7.28972222222222,-23918.9497558429,21220.3908160624,2020-01-07 00:09:56
7.37305555555556,-23896.8703634932,21225.5838074915,2020-01-07 00:14:56
7.45638888888889,-23862.7922254119,21234.8767450548,2020-01-07 00:19:56
7.53972222222222,-23818.2415840545,21247.8238416286,2020-01-07 00:24:56
7.62305555555556,-23765.7908204877,21263.5952232343,2020-01-07 00:29:56
7.70638888888889,-23708.0035168663,21281.364036069,2020-01-07 00:34:56
7.78972222222222,-23647.4344245384,21300.3067315848,2020-01-07 00:39:56
7.87305555555556,-23586.1934834673,21319.7415412476,2020-01-07 00:44:56
7.95638888888889,-23524.6975801349,21339.5249769921,2020-01-07 00:49:56
8.03972222222222,-23462.9568153738,21359.6432140632,2020-01-07 00:54:56
8.12305555555555,-23400.9808848705,21380.0829816663,2020-01-07 00:59:56
8.20638888888889,-23338.7790952076,21400.8315410086,2020-01-07 01:04:56
8.28972222222222,-23276.3603792629,21421.8766642225,2020-01-07 01:09:56
8.37305555555555,-23213.7333109894,21443.2066141327,2020-01-07 01:14:56
8.45638888888889,-23150.9061196015,21464.8101248363,2020-01-07 01:19:56
8.53972222222222,-23087.8867031914,21486.6763830624,2020-01-07 01:24:56
8.62305555555555,-23024.6826417971,21508.7950102805,2020-01-07 01:29:56
8.70638888888889,-22961.3012099441,21531.1560455277,2020-01-07 01:34:56
8.78972222222222,-22897.749388682,21553.7499289284,2020-01-07 01:39:56
8.87305555555555,-22834.0338771351,21576.5674858757,2020-01-07 01:44:56
8.95638888888889,-22770.1611035871,21599.5999118513,2020-01-07 01:49:56
9.03972222222222,-22706.1372361167,21622.8387578582,2020-01-07 01:54:56
9.12305555555555,-22641.9681928038,21646.2759164403,2020-01-07 01:59:56
9.20638888888889,-22577.6596515214,21669.9036082683,2020-01-07 02:04:56
9.28972222222222,-22513.2170593298,21693.7143692679,2020-01-07 02:09:56
9.37305555555555,-22448.6456414898,21717.7010382697,2020-01-07 02:14:56
9.45638888888889,-22383.9504101081,21741.8567451609,2020-01-07 02:19:56
9.53972222222222,-22319.1361724303,21766.1748995172,2020-01-07 02:24:56
9.62305555555555,-22254.2075387949,21790.6491796992,2020-01-07 02:29:56
9.70638888888889,-22189.1689302616,21815.273522392,2020-01-07 02:34:56
9.78972222222222,-22124.0245859267,21840.0421125732,2020-01-07 02:39:56
9.87305555555555,-22058.7785699363,21864.9493738914,2020-01-07 02:44:56
9.95638888888889,-21993.4347782115,21889.9899594395,2020-01-07 02:49:56
10.0397222222222,-21927.9969448942,21915.1587429077,2020-01-07 02:54:56
10.1230555555556,-21862.4686485259,21940.4508101018,2020-01-07 02:59:56
10.2063888888889,-21796.8533179683,21965.8614508119,2020-01-07 03:04:56
10.2897222222222,-21731.1542380771,21991.3861510192,2020-01-07 03:09:56
10.3730555555556,-21665.3745551367,22017.0205854267,2020-01-07 03:14:56
10.4563888888889,-21599.5172820664,22042.7606103033,2020-01-07 03:19:56
10.5397222222222,-21533.5853034054,22068.6022566267,2020-01-07 03:24:56
10.6230555555556,-21467.5813800855,22094.5417235172,2020-01-07 03:29:56
10.7063888888889,-21401.5081539992,22120.5753719482,2020-01-07 03:34:56
10.7897222222222,-21335.3681523712,22146.6997187251,2020-01-07 03:39:56
10.8730555555556,-21269.16379194,22172.9114307225,2020-01-07 03:44:56
10.9563888888889,-21202.8973829562,22199.2073193686,2020-01-07 03:49:56
11.0397222222222,-21136.5711330053,22225.58433537,2020-01-07 03:54:56
11.1230555555556,-21070.1871506606,22252.0395636658,2020-01-07 03:59:56
11.2063888888889,-21003.7474489715,22278.5702186048,2020-01-07 04:04:56
11.2897222222222,-20937.2539487946,22305.1736393364,2020-01-07 04:09:56
11.3730555555556,-20870.7084819719,22331.8472854073,2020-01-07 04:14:56
11.4563888888889,-20804.1127943617,22358.5887325592,2020-01-07 04:19:56
11.5397222222222,-20737.4685487274,22385.3956687166,2020-01-07 04:24:56
11.6230555555556,-20670.7773274886,22412.2658901617,2020-01-07 04:29:56
11.7063888888889,-20604.0406353393,22439.1972978883,2020-01-07 04:34:56
11.7897222222222,-20537.2599017377,22466.1878941284,2020-01-07 04:39:56
11.8730555555556,-20470.4364832712,22493.2357790472,2020-01-07 04:44:56
11.9563888888889,-20403.5716659014,22520.3391475991,2020-01-07 04:49:56
12.0397222222222,-20336.6666670911,22547.4962865415,2020-01-07 04:54:56
12.1230555555556,-20269.7226378196,22574.7055715999,2020-01-07 04:59:56
12.2063888888889,-20202.7406644864,22601.9654647803,2020-01-07 05:04:56
12.2897222222222,-20135.721770709,22629.2745118248,2020-01-07 05:09:56
12.3730555555556,-20068.6669190166,22656.631339805,2020-01-07 05:14:56
12.4563888888889,-20001.5770124429,22684.0346548505,2020-01-07 05:19:56
12.5397222222222,-19934.4528960197,22711.4832400082,2020-01-07 05:24:56
12.6230555555556,-19867.2953581757,22738.9759532285,2020-01-07 05:29:56
12.7063888888889,-19800.1051320404,22766.5117254759,2020-01-07 05:34:56
12.7897222222222,-19732.8828966578,22794.08955896,2020-01-07 05:39:56
12.8730555555556,-19665.6292781094,22821.7085254847,2020-01-07 05:44:56
12.9563888888889,-19598.3448505505,22849.3677649123,2020-01-07 05:49:56
13.0397222222222,-19531.0301371598,22877.0664837406,2020-01-07 05:54:56
13.1230555555556,-19463.6856110055,22904.8039537894,2020-01-07 05:59:56
13.2063888888889,-19396.3116958276,22932.5795109962,2020-01-07 06:04:56
13.2897222222222,-19328.9087667393,22960.3925543173,2020-01-07 06:09:56
13.3730555555556,-19261.4771508476,22988.2425447332,2020-01-07 06:14:56
13.4563888888889,-19194.0171277945,23016.1290043569,2020-01-07 06:19:56
13.5397222222222,-19126.5289302197,23044.051515643,2020-01-07 06:24:56
13.6230555555556,-19059.0127441454,23072.0097206969,2020-01-07 06:29:56
13.7063888888889,-18991.4687092844,23100.0033206828,2020-01-07 06:34:56
13.7897222222222,-18923.8969192711,23128.0320753292,2020-01-07 06:39:56
13.8730555555556,-18856.2974218161,23156.0958025311,2020-01-07 06:44:56
13.9563888888889,-18788.6702187857,23184.1943780488,2020-01-07 06:49:56
14.0397222222222,-18721.0152662049,23212.3277353026,2020-01-07 06:54:56
14.1230555555556,-18653.3324741841,23240.4958652623,2020-01-07 06:59:56
14.2063888888889,-18585.621706771,23268.6988164325,2020-01-07 07:04:56
14.2897222222222,-18517.8827817253,23296.9366949325,2020-01-07 07:09:56
14.3730555555556,-18450.1154702174,23325.2096646724,2020-01-07 07:14:56
14.4563888888889,-18382.3194964494,23353.5179476238,2020-01-07 07:19:56
14.5397222222222,-18314.4945371992,23381.8618241876,2020-01-07 07:24:56
14.6230555555556,-18246.6402212856,23410.2416336574,2020-01-07 07:29:56
14.7063888888889,-18178.7561289538,23438.6577747812,2020-01-07 07:34:56
14.7897222222222,-18110.8417911813,23467.1107064212,2020-01-07 07:39:56
14.8730555555556,-18042.8966889018,23495.6009483128,2020-01-07 07:44:56
14.9563888888889,-17974.920252146,23524.1290819248,2020-01-07 07:49:56
15.0397222222222,-17906.9118590989,23552.6957514215,2020-01-07 07:54:56
15.1230555555556,-17838.8708350708,23581.3016647281,2020-01-07 07:59:56
15.2063888888889,-17770.7964513812,23609.9475947027,2020-01-07 08:04:56
15.2897222222222,-17702.6879241526,23638.6343804145,2020-01-07 08:09:56
15.3730555555556,-17634.5444130141,23667.3629285323,2020-01-07 08:14:56
15.4563888888889,-17566.3650197105,23696.1342148248,2020-01-07 08:19:56
15.5397222222222,-17498.1487866162,23724.9492857751,2020-01-07 08:24:56
15.6230555555556,-17429.8946951509,23753.8092603119,2020-01-07 08:29:56
15.7063888888889,-17361.6016640938,23782.7153316611,2020-01-07 08:34:56
15.7897222222222,-17293.2685477953,23811.6687693202,2020-01-07 08:39:56
15.8730555555556,-17224.8941342806,23840.6709211587,2020-01-07 08:44:56
15.9563888888889,-17156.4771432451,23869.7232156481,2020-01-07 08:49:56
16.0397222222222,-17088.0162239356,23898.8271642257,2020-01-07 08:54:56
16.1230555555556,-17019.5099529156,23927.9843637952,2020-01-07 08:59:56
16.2063888888889,-16950.9568317097,23957.1964993692,2020-01-07 09:04:56
16.2897222222222,-16882.3552843247,23986.4653468571,2020-01-07 09:09:56
16.3730555555556,-16813.7036546418,24015.7927760031,2020-01-07 09:14:56
16.4563888888889,-16745.0002036761,24045.1807534806,2020-01-07 09:19:56
16.5397222222222,-16676.2431066999,24074.6313461457,2020-01-07 09:24:56
16.6230555555556,-16607.4304502229,24104.1467244572,2020-01-07 09:29:56
16.7063888888889,-16538.5602288266,24133.7291660678,2020-01-07 09:34:56
16.7897222222222,-16469.6303418458,24163.3810595926,2020-01-07 09:39:56
16.8730555555556,-16400.6385898931,24193.1049085615,2020-01-07 09:44:56
16.9563888888889,-16331.5826712198,24222.9033355615,2020-01-07 09:49:56
17.0397222222222,-16262.4601779072,24252.7790865756,2020-01-07 09:54:56
17.1230555555556,-16193.2685918828,24282.7350355269,2020-01-07 09:59:56
17.2063888888889,-16124.0052807538,24312.7741890333,2020-01-07 10:04:56
17.2897222222222,-16054.6674934512,24342.8996913824,2020-01-07 10:09:56
17.3730555555556,-15985.2523556786,24373.1148297342,2020-01-07 10:14:56
17.4563888888889,-15915.7568651558,24403.4230395596,2020-01-07 10:19:56
17.5397222222222,-15846.1778866516,24433.8279103252,2020-01-07 10:24:56
17.6230555555556,-15776.512146796,24464.3331914318,2020-01-07 10:29:56
17.7063888888889,-15706.7562286644,24494.9427984189,2020-01-07 10:34:56
17.7897222222222,-15636.9065661237,24525.6608194426,2020-01-07 10:39:56
17.8730555555556,-15566.9594379319,24556.4915220403,2020-01-07 10:44:56
17.9563888888889,-15496.9109615812,24587.4393601914,2020-01-07 10:49:56
18.0397222222222,-15426.7570868735,24618.5089816873,2020-01-07 10:54:56
18.1230555555556,-15356.4935892195,24649.7052358211,2020-01-07 10:59:56
18.2063888888889,-15286.1160626485,24681.0331814115,2020-01-07 11:04:56
18.2897222222222,-15215.6199125181,24712.4980951729,2020-01-07 11:09:56
18.3730555555556,-15145.0003479125,24744.1054804465,2020-01-07 11:14:56
18.4563888888889,-15074.2523737147,24775.8610763058,2020-01-07 11:19:56
18.5397222222222,-15003.3707823424,24807.7708670526,2020-01-07 11:24:56
18.6230555555556,-14932.350145131,24839.8410921185,2020-01-07 11:29:56
18.7063888888889,-14861.1848033518,24872.0782563887,2020-01-07 11:34:56
18.7897222222222,-14789.8688588485,24904.4891409649,2020-01-07 11:39:56
18.8730555555556,-14718.396164279,24937.0808143852,2020-01-07 11:44:56
18.9563888888889,-14646.7603129431,24969.8606443199,2020-01-07 11:49:56
19.0397222222222,-14574.954628183,25002.8363097615,2020-01-07 11:54:56
19.1230555555556,-14502.9721523352,25036.015813731,2020-01-07 11:59:56
19.2063888888889,-14430.8056352191,25069.4074965189,2020-01-07 12:04:56
19.2897222222222,-14358.4475221405,25103.0200494858,2020-01-07 12:09:56
19.3730555555556,-14285.8899413919,25136.8625294422,2020-01-07 12:14:56
19.4563888888889,-14213.1246912279,25170.9443736346,2020-01-07 12:19:56
19.5397222222222,-14140.1432262947,25205.2754153598,2020-01-07 12:24:56
19.6230555555556,-14066.9366434907,25239.8659002352,2020-01-07 12:29:56
19.7063888888889,-13993.4956672362,25274.7265031511,2020-01-07 12:34:56
19.7897222222222,-13919.8106341252,25309.8683459335,2020-01-07 12:39:56
19.8730555555556,-13845.8714769373,25345.3030157458,2020-01-07 12:44:56
19.9563888888889,-13771.6677079798,25381.0425842611,2020-01-07 12:49:56
20.0397222222222,-13697.1884017351,25417.099627636,2020-01-07 12:54:56
20.1230555555556,-13622.4221767836,25453.4872473188,2020-01-07 12:59:56
20.2063888888889,-13547.3571769718,25490.2190917271,2020-01-07 13:04:56
20.2897222222222,-13471.9810517954,25527.3093788306,2020-01-07 13:09:56
20.3730555555556,-13396.2809359639,25564.7729196758,2020-01-07 13:14:56
20.4563888888889,-13320.2434281143,25602.6251428923,2020-01-07 13:19:56
20.5397222222222,-13243.8545686368,25640.8821202213,2020-01-07 13:24:56
20.6230555555556,-13167.0998165778,25679.560593107,2020-01-07 13:29:56
20.7063888888889,-13089.9640255798,25718.6780003977,2020-01-07 13:34:56
20.7897222222222,-13012.4314188212,25758.2525071995,2020-01-07 13:39:56
20.8730555555556,-12934.4855629116,25798.3030349324,2020-01-07 13:44:56
20.9563888888889,-12856.1093407012,25838.8492926374,2020-01-07 13:49:56
21.0397222222222,-12777.284922959,25879.9118095872,2020-01-07 13:54:56
21.1230555555556,-12697.9937388726,25921.5119692533,2020-01-07 13:59:56
21.2063888888889,-12618.2164453212,25963.6720446875,2020-01-07 14:04:56
21.2897222222222,-12537.9328948706,26006.4152353745,2020-01-07 14:09:56
21.3730555555556,-12457.122102437,26049.7657056176,2020-01-07 14:14:56
21.4563888888889,-12375.7622105657,26093.7486245209,2020-01-07 14:19:56
21.5397222222222,-12293.8304532657,26138.3902076337,2020-01-07 14:24:56
21.6230555555556,-12211.3031183413,26183.7177603267,2020-01-07 14:29:56
21.7063888888889,-12128.1555081579,26229.7597229717,2020-01-07 14:34:56
21.7897222222222,-12044.3618987777,26276.545717998,2020-01-07 14:39:56
21.8730555555556,-11959.8954973967,26324.1065989062,2020-01-07 14:44:56
21.9563888888889,-11874.728398014,26372.4745013179,2020-01-07 14:49:56
22.0397222222222,-11788.8315352582,26421.6828961472,2020-01-07 14:54:56
22.1230555555556,-11702.1746362964,26471.7666449811,2020-01-07 14:59:56
22.2063888888889,-11614.7261707447,26522.7620577619,2020-01-07 15:04:56
22.2897222222222,-11526.4532984986,26574.7069528647,2020-01-07 15:09:56
22.3730555555556,-11437.3218153956,26627.640719672,2020-01-07 15:14:56
22.4563888888889,-11347.2960966213,26681.6043837467,2020-01-07 15:19:56
22.5397222222222,-11256.339037765,26736.6406747129,2020-01-07 15:24:56
22.6230555555556,-11164.4119934269,26792.7940969563,2020-01-07 15:29:56
22.7063888888889,-11071.4747132756,26850.1110032601,2020-01-07 15:34:56
22.7897222222222,-10977.4852754501,26908.639671501,2020-01-07 15:39:56
22.8730555555556,-10882.4000171967,26968.4303845287,2020-01-07 15:44:56
22.9563888888889,-10786.173462624,27029.5355133639,2020-01-07 15:49:56
23.0397222222222,-10688.7582474595,27092.009603851,2020-01-07 15:54:56
23.1230555555556,-10590.1050406808,27155.9094669092,2020-01-07 15:59:56
23.2063888888889,-10490.1624628929,27221.2942725316,2020-01-07 16:04:56
23.2897222222222,-10388.8770013156,27288.2256476874,2020-01-07 16:09:56
23.3730555555556,-10286.1929212428,27356.7677782895,2020-01-07 16:14:56
23.4563888888889,-10182.0521738228,27426.987515396,2020-01-07 16:19:56
23.5397222222222,-10076.3943000123,27498.9544858218,2020-01-07 16:24:56
23.6230555555556,-9969.15633054047,27572.7412073423,2020-01-07 16:29:56
23.7063888888889,-9860.27268172076,27648.4232086809,2020-01-07 16:34:56
23.7897222222222,-9749.67504693647,27726.0791544787,2020-01-07 16:39:56
23.8730555555556,-9637.2922836211,27805.7909754519,2020-01-07 16:44:56
23.9563888888889,-9523.05029554631,27887.6440039545,2020-01-07 16:49:56
24.0397222222222,-9406.87191022279,27971.7271151678,2020-01-07 16:54:56
24.1230555555556,-9288.67675121124,28058.1328741536,2020-01-07 16:59:56
24.2063888888889,-9168.38110513196,28146.957689011,2020-01-07 17:04:56
24.2897222222222,-9045.89778315324,28238.3019703931,2020-01-07 17:09:56
24.3730555555556,-8921.13597672941,28332.2702976455,2020-01-07 17:14:56
24.4563888888889,-8794.0011073495,28428.9715918427,2020-01-07 17:19:56
24.5397222222222,-8664.39467004831,28528.5192960083,2020-01-07 17:24:56
24.6230555555556,-8532.21407042078,28631.0315628168,2020-01-07 17:29:56
24.7063888888889,-8397.35245486993,28736.6314500883,2020-01-07 17:34:56
24.7897222222222,-8259.69853380757,28845.4471243996,2020-01-07 17:39:56
24.8730555555556,-8119.13639751541,28957.6120731472,2020-01-07 17:44:56
24.9563888888889,-7975.54532436145,29073.2653254147,2020-01-07 17:49:56
25.0397222222222,-7828.7995810549,29192.5516820098,2020-01-07 17:54:56
25.1230555555556,-7678.76821460863,29315.6219550505,2020-01-07 17:59:56
25.2063888888889,-7525.31483622887,29442.6332165273,2020-01-07 18:04:56
25.2897222222222,-7368.34494111523,29573.6671967752,2020-01-07 18:09:56
25.3730555555556,-7207.93555435627,29708.5069326325,2020-01-07 18:14:56
25.4563888888889,-7044.19934520563,29846.8705891558,2020-01-07 18:19:56
25.5397222222222,-6877.2434783787,29988.4821620577,2020-01-07 18:24:56
25.6230555555556,-6707.16979136664,30133.0710210315,2020-01-07 18:29:56
25.7063888888889,-6534.07496293598,30280.3714619682,2020-01-07 18:34:56
25.7897222222222,-6358.05067309273,30430.1222673246,2020-01-07 18:39:56
25.8730555555556,-6179.18375477544,30582.066273914,2020-01-07 18:44:56
25.9563888888889,-5997.55633752848,30735.9499474059,2020-01-07 18:49:56
26.0397222222222,-5813.24598339296,30891.5229628301,2020-01-07 18:54:56
26.1230555555556,-5626.32581524042,31048.5377903901,2020-01-07 18:59:56
26.2063888888889,-5436.86463776145,31206.7492859021,2020-01-07 19:04:56
26.2897222222222,-5244.92705130944,31365.9142851814,2020-01-07 19:09:56
26.3730555555556,-5050.57355878793,31525.7912017042,2020-01-07 19:14:56
26.4563888888889,-4853.86066575828,31686.1396268802,2020-01-07 19:19:56
26.5397222222222,-4654.84097393344,31846.7199322744,2020-01-07 19:24:56
26.6230555555556,-4453.56326821237,32007.2928731191,2020-01-07 19:29:56
26.7063888888889,-4250.07259739919,32167.6191924612,2020-01-07 19:34:56
26.7897222222222,-4044.41034874065,32327.4592252895,2020-01-07 19:39:56
26.8730555555556,-3836.61431640524,32486.5725019862,2020-01-07 19:44:56
26.9563888888889,-3626.7187640171,32644.7173504477,2020-01-07 19:49:56
27.0397222222222,-3414.75448134839,32801.6504962156,2020-01-07 19:54:56
27.1230555555556,-3200.74883526391,32957.1266599559,2020-01-07 19:59:56
27.2063888888889,-2984.72581500207,33110.8981516222,2020-01-07 20:04:56
27.2897222222222,-2766.70607186733,33262.7144606287,2020-01-07 20:09:56
27.3730555555556,-2546.70695339975,33412.3218413576,2020-01-07 20:14:56
27.4563888888889,-2324.74253207807,33559.4628933127,2020-01-07 20:19:56
27.5397222222222,-2100.82362860396,33703.876135227,2020-01-07 20:24:56
27.6230555555556,-1874.95782980591,33845.2955724167,2020-01-07 20:29:56
27.7063888888889,-1647.14950119227,33983.4502566687,2020-01-07 20:34:56
27.7897222222222,-1417.39979417445,34118.0638379315,2020-01-07 20:39:56
27.8730555555556,-1185.70664797207,34248.8541070678,2020-01-07 20:44:56
27.9563888888889,-952.064786203095,34375.5325289138,2020-01-07 20:49:56
28.0397222222222,-716.46570815367,34497.80376487,2020-01-07 20:54:56
28.1230555555556,-478.897674712865,34615.3651842366,2020-01-07 20:59:56
28.2063888888889,-239.345688949197,34727.9063634827,2020-01-07 21:04:56
28.2897222222222,2.20852870318231,34835.1085726209,2020-01-07 21:09:56
28.3730555555556,245.786570689697,34936.6442478398,2020-01-07 21:14:56
28.4563888888889,491.41337806213,35032.1764495182,2020-01-07 21:19:56
28.5397222222222,739.117281745884,35121.3583047276,2020-01-07 21:24:56
28.6230555555556,988.930049416119,35203.8324332983,2020-01-07 21:29:56
28.7063888888889,1240.87798772331,35279.2230094347,2020-01-07 21:34:56
28.7897222222222,1494.62147348691,35346.8392060161,2020-01-07 21:39:56
28.8730555555556,1749.33109365689,35405.5728398119,2020-01-07 21:44:56
28.9563888888889,2004.14478513055,35454.2729168941,2020-01-07 21:49:56
29.0397222222222,2258.20065700089,35491.7718418783,2020-01-07 21:54:56
29.1230555555556,2510.63556447756,35516.883486028,2020-01-07 21:59:56
29.2063888888889,2760.58368073337,35528.4012246941,2020-01-07 22:04:56
29.2897222222222,3007.17506431281,35525.0959408418,2020-01-07 22:09:56
29.3730555555556,3249.55302669253,35505.8211706667,2020-01-07 22:14:56
29.4563888888889,3487.01053243877,35470.2966179118,2020-01-07 22:19:56
29.5397222222222,3718.87046235422,35418.5833878139,2020-01-07 22:24:56
29.6230555555556,3944.1272481455,35350.116884341,2020-01-07 22:29:56
29.7063888888889,4161.63258263719,35264.0479157973,2020-01-07 22:34:56
29.7897222222222,4370.6766995944,35160.1743831981,2020-01-07 22:39:56
29.8730555555556,4570.95413537003,35038.8917664529,2020-01-07 22:44:56
29.9563888888889,4762.16064738017,34900.5903144292,2020-01-07 22:49:56
30.0397222222222,4943.97698435065,34745.6321167425,2020-01-07 22:54:56
30.1230555555556,5116.06835808591,34574.3517028675,2020-01-07 22:59:56
30.2063888888889,5278.08388953078,34387.0565956482,2020-01-07 23:04:56
30.2897222222222,5429.65602820826,34184.027820123,2020-01-07 23:09:56
30.3730555555556,5570.2551322065,33965.7353562911,2020-01-07 23:14:56
30.4563888888889,5698.2744209019,33734.1960954553,2020-01-07 23:19:56
30.5397222222222,5811.6160999802,33492.1030688874,2020-01-07 23:24:56
30.6230555555556,5908.15596500223,33242.1349999243,2020-01-07 23:29:56
30.7063888888889,5985.74201135875,32986.9575819097,2020-01-07 23:34:56
30.7897222222222,6042.19087357785,32729.2278888331,2020-01-07 23:39:56
30.8730555555556,6075.28421274296,32471.5987717067,2020-01-07 23:44:56
30.9563888888889,6082.76504604397,32216.7232479548,2020-01-07 23:49:56
31.0397222222222,6062.33401238842,31967.2588910792,2020-01-07 23:54:56
31.1230555555556,6012.21582260199,31725.7177106302,2020-01-07 23:59:56
31.2063888888889,5935.6055405089,31493.2647403971,2020-01-08 00:04:56
31.2897222222222,5838.26254588182,31270.3733426003,2020-01-08 00:09:56
31.3730555555556,5725.93418570331,31057.5266652713,2020-01-08 00:14:56
31.4563888888889,5603.63825970228,30855.045312281,2020-01-08 00:19:56
31.5397222222222,5473.22872789111,30662.466910785,2020-01-08 00:24:56
31.6230555555556,5335.66800797707,30479.1222358877,2020-01-08 00:29:56
31.7063888888889,5191.90664650038,30304.3573308777,2020-01-08 00:34:56
31.7897222222222,5042.88493046084,30137.5324350739,2020-01-08 00:39:56
31.8730555555556,4889.53444311052,29978.0209252818,2020-01-08 00:44:56
31.9563888888889,4732.77960534517,29825.2082789869,2020-01-08 00:49:56
32.0397222222222,4573.53614677295,29678.4888865098,2020-01-08 00:54:56
32.1230555555556,4412.46573279633,29537.089795168,2020-01-08 00:59:56
32.2063888888889,4249.79561786642,29399.9406338627,2020-01-08 01:04:56
32.2897222222222,4085.7076455205,29265.9477072818,2020-01-08 01:09:56
32.3730555555556,3920.38131331839,29134.0225423985,2020-01-08 01:14:56
32.4563888888889,3753.99406983788,29003.0800874907,2020-01-08 01:19:56
32.5397222222222,3586.72160828003,28872.0369168217,2020-01-08 01:24:56
32.6230555555556,3418.73815716996,28739.8094380111,2020-01-08 01:29:56
32.7063888888889,3250.21676863413,28605.3120991303,2020-01-08 01:34:56
32.7897222222222,3081.32960473139,28467.455592555,2020-01-08 01:39:56
32.8730555555556,2912.22179104496,28325.1874020839,2020-01-08 01:44:56
32.9563888888889,2742.35791358959,28178.5375211001,2020-01-08 01:49:56
33.0397222222222,2570.47843555004,28028.6869140315,2020-01-08 01:54:56
33.1230555555556,2395.31539201123,27876.8438843452,2020-01-08 01:59:56
33.2063888888889,2216.29373168304,27723.6664071537,2020-01-08 02:04:56
33.2897222222222,2033.5364648511,27569.2584400679,2020-01-08 02:09:56
33.3730555555556,1847.19152675288,27413.6975387678,2020-01-08 02:14:56
33.4563888888889,1657.40091648874,27257.059351296,2020-01-08 02:19:56
33.5397222222222,1464.30093197277,27099.4177432246,2020-01-08 02:24:56
33.6230555555556,1268.02239545038,26940.8449198727,2020-01-08 02:29:56
33.7063888888889,1068.69086995588,26781.4115457766,2020-01-08 02:34:56
33.7897222222222,866.426867068317,26621.1868616113,2020-01-08 02:39:56
33.8730555555556,661.346046309096,26460.2387987551,2020-01-08 02:44:56
33.9563888888889,453.559406511418,26298.6340916888,2020-01-08 02:49:56
34.0397222222222,243.173469478298,26136.4383884143,2020-01-08 02:54:56
34.1230555555556,30.2904562327967,25973.7163590749,2020-01-08 02:59:56
34.2063888888889,-184.991543847817,25810.5318029581,2020-01-08 03:04:56
34.2897222222222,-402.57841073392,25646.947754058,2020-01-08 03:09:56
34.3730555555556,-622.379838013214,25483.0265853704,2020-01-08 03:14:56
34.4563888888889,-844.309183470392,25318.830112095,2020-01-08 03:19:56
34.5397222222222,-1068.28332572939,25154.4196939143,2020-01-08 03:24:56
34.6230555555556,-1294.22252672136,24989.856336519,2020-01-08 03:29:56
34.7063888888889,-1522.05029975065,24825.2007925477,2020-01-08 03:34:56
34.7897222222222,-1751.69328294034,24660.5136621074,2020-01-08 03:39:56
34.8730555555556,-1983.08111784817,24495.8554930427,2020-01-08 03:44:56
34.9563888888889,-2216.14633305201,24331.2868811173,2020-01-08 03:49:56
35.0397222222222,-2450.82423251201,24166.8685702756,2020-01-08 03:54:56
35.1230555555556,-2687.05278852496,24002.6615531492,2020-01-08 03:59:56
35.2063888888889,-2924.77253909378,23838.7271719747,2020-01-08 04:04:56
35.2897222222222,-3163.92648954192,23675.1272200905,2020-01-08 04:09:56
35.3730555555556,-3404.46001821046,23511.9240441796,2020-01-08 04:14:56
35.4563888888889,-3646.32078608149,23349.1806474276,2020-01-08 04:19:56
35.5397222222222,-3889.45865017823,23186.9607937679,2020-01-08 04:24:56
35.6230555555556,-4133.82558059883,23025.3291133846,2020-01-08 04:29:56
35.7063888888889,-4379.37558104651,22864.3512096497,2020-01-08 04:34:56
35.7897222222222,-4626.06461272421,22704.0937676694,2020-01-08 04:39:56
35.8730555555556,-4873.85052146842,22544.6246646214,2020-01-08 04:44:56
35.9563888888889,-5122.69296800117,22386.0130820634,2020-01-08 04:49:56
36.0397222222222,-5372.55336118489,22228.3296204013,2020-01-08 04:54:56
36.1230555555556,-5623.39479416975,22071.6464157033,2020-01-08 04:59:56
36.2063888888889,-5875.18198332793,21916.0372590563,2020-01-08 05:04:56
36.2897222222222,-6127.88120987344,21761.5777186599,2020-01-08 05:09:56
36.3730555555556,-6381.46026407132,21608.3452648612,2020-01-08 05:14:56
36.4563888888889,-6635.88839194363,21456.4193983366,2020-01-08 05:19:56
36.5397222222222,-6891.13624438407,21305.8817816332,2020-01-08 05:24:56
36.6230555555556,-7147.17582859715,21156.8163742869,2020-01-08 05:29:56
36.7063888888889,-7403.98046178159,21009.3095717415,2020-01-08 05:34:56
36.7897222222222,-7661.524726981,20863.4503482982,2020-01-08 05:39:56
36.8730555555556,-7919.78443102921,20719.3304043312,2020-01-08 05:44:56
36.9563888888889,-8178.73656452048,20577.0443180153,2020-01-08 05:49:56
37.0397222222222,-8438.35926373818,20436.689701814,2020-01-08 05:54:56
37.1230555555556,-8698.63177447927,20298.3673639882,2020-01-08 05:59:56
37.2063888888889,-8959.53441771463,20162.1814753935,2020-01-08 06:04:56
37.2897222222222,-9221.04855702809,20028.2397418399,2020-01-08 06:09:56
37.3730555555556,-9483.15656778086,19896.6535823016,2020-01-08 06:14:56
37.4563888888889,-9745.84180794995,19767.5383132698,2020-01-08 06:19:56
37.5397222222222,-10009.0885905923,19641.0133395549,2020-01-08 06:24:56
37.6230555555556,-10272.8821578891,19517.2023518527,2020-01-08 06:29:56
37.7063888888889,-10537.2086567283,19396.2335314021,2020-01-08 06:34:56
37.7897222222222,-10802.0551157823,19278.2397620735,2020-01-08 06:39:56
37.8730555555556,-11067.4094240465,19163.3588502366,2020-01-08 06:44:56
37.9563888888889,-11333.2603108002,19051.7337527749,2020-01-08 06:49:56
38.0397222222222,-11599.5973269583,18943.5128136205,2020-01-08 06:54:56
38.1230555555556,-11866.4108277818,18838.8500092034,2020-01-08 06:59:56
38.2063888888889,-12133.6919569205,18737.9052032196,2020-01-08 07:04:56
38.2897222222222,-12401.4326317588,18640.8444111409,2020-01-08 07:09:56
38.3730555555556,-12669.625530042,18547.8400749024,2020-01-08 07:14:56
38.4563888888889,-12938.2640777619,18459.0713482243,2020-01-08 07:19:56
38.5397222222222,-13207.3424382784,18374.7243930385,2020-01-08 07:24:56
38.6230555555556,-13476.8555026631,18294.9926875102,2020-01-08 07:29:56
38.7063888888889,-13746.7988812455,18220.0773461665,2020-01-08 07:34:56
38.7897222222222,-14017.1688963502,18150.1874526585,2020-01-08 07:39:56
38.8730555555556,-14287.9625762118,18085.54040571,2020-01-08 07:44:56
38.9563888888889,-14559.1776500578,18026.362278824,2020-01-08 07:49:56
39.0397222222222,-14830.8125443512,17972.8881943423,2020-01-08 07:54:56
39.1230555555556,-15102.8663801874,17925.3627124775,2020-01-08 07:59:56
39.2063888888889,-15375.3389718395,17884.0402359605,2020-01-08 08:04:56
39.2897222222222,-15648.2308264514,17849.1854309738,2020-01-08 08:09:56
39.3730555555556,-15921.5431448765,17821.0736650664,2020-01-08 08:14:56
39.4563888888889,-16195.2778236649,17799.9914627749,2020-01-08 08:19:56
39.5397222222222,-16469.4374582015,17786.2369797051,2020-01-08 08:24:56
39.6230555555556,-16744.0253469999,17780.1204958589,2020-01-08 08:29:56
39.7063888888889,-17019.0454971607,17781.9649290205,2020-01-08 08:34:56
39.7897222222222,-17294.5026310009,17792.1063690549,2020-01-08 08:39:56
39.8730555555556,-17570.4021938681,17810.8946339995,2020-01-08 08:44:56
39.9563888888889,-17846.7503631499,17838.6938488711,2020-01-08 08:49:56
40.0397222222222,-18123.5540584951,17875.8830481441,2020-01-08 08:54:56
40.1230555555556,-18400.820953263,17922.856802899,2020-01-08 08:59:56
40.2063888888889,-18678.5594872195,17980.025873677,2020-01-08 09:04:56
40.2897222222222,-18956.7788805017,18047.8178901215,2020-01-08 09:09:56
40.3730555555556,-19235.4891488731,18126.6780585312,2020-01-08 09:14:56
40.4563888888889,-19514.7011202962,18217.0698984958,2020-01-08 09:19:56
40.5397222222222,-19794.4264528477,18319.4760098323,2020-01-08 09:24:56
40.6230555555556,-20074.6776540085,18434.3988710912,2020-01-08 09:29:56
40.7063888888889,-20355.4681013582,18562.3616709546,2020-01-08 09:34:56
40.7897222222222,-20636.8120647007,18703.9091738813,2020-01-08 09:39:56
40.8730555555556,-20918.4906666295,18859.0833781576,2020-01-08 09:44:56
40.9563888888889,-21199.3585707876,19025.8685892338,2020-01-08 09:49:56
41.0397222222222,-21478.0396713836,19201.7534817684,2020-01-08 09:54:56
41.1230555555556,-21753.1542443553,19384.2417866922,2020-01-08 09:59:56
41.2063888888889,-22023.3166644879,19570.8481608987,2020-01-08 10:04:56
41.2897222222222,-22287.1448126782,19759.1118783668,2020-01-08 10:09:56
41.3730555555556,-22543.6440257145,19947.1804817474,2020-01-08 10:14:56
41.4563888888889,-22792.2937252444,20133.941041945,2020-01-08 10:19:56
41.5397222222222,-23032.5899195136,20318.3234678646,2020-01-08 10:24:56
41.6230555555556,-23264.014795113,20499.2537335658,2020-01-08 10:29:56
41.7063888888889,-23486.0358602086,20675.652101187,2020-01-08 10:34:56
41.7897222222222,-23698.1080765269,20846.4354738467,2020-01-08 10:39:56
41.8730555555556,-23899.9906208196,21010.9520210327,2020-01-08 10:44:56
41.9563888888889,-24092.0262946466,21169.3645109254,2020-01-08 10:49:56
42.0397222222222,-24274.6075726526,21321.916238005,2020-01-08 10:54:56
42.1230555555556,-24448.1112863017,21468.8407995726,2020-01-08 10:59:56
42.2063888888889,-24612.8992473803,21610.3624822584,2020-01-08 11:04:56
42.2897222222222,-24769.3188466483,21746.6966331251,2020-01-08 11:09:56
42.3730555555556,-24917.7036286297,21878.0500159798,2020-01-08 11:14:56
42.4563888888889,-25058.373843493,22004.6211534835,2020-01-08 11:19:56
42.5397222222222,-25191.6369769353,22126.6006556262,2020-01-08 11:24:56
42.6230555555556,-25317.7882589458,22244.1715351081,2020-01-08 11:29:56
42.7063888888889,-25437.1111522915,22357.509510152,2020-01-08 11:34:56
42.7897222222222,-25549.8778215328,22466.7832952446,2020-01-08 11:39:56
42.8730555555556,-25656.3495833453,22572.1548802912,2020-01-08 11:44:56
42.9563888888889,-25756.7773388923,22673.7797986427,2020-01-08 11:49:56
43.0397222222222,-25851.4019889646,22771.8073844402,2020-01-08 11:54:56
43.1230555555556,-25940.4548325732,22866.381019702,2020-01-08 11:59:56
43.2063888888889,-26024.157949655,22957.638371563,2020-01-08 12:04:56
43.2897222222222,-26102.7245685247,23045.7116200574,2020-01-08 12:09:56
43.3730555555556,-26176.3594186815,23130.7276768231,2020-01-08 12:14:56
43.4563888888889,-26245.2590695526,23212.8083950891,2020-01-08 12:19:56
43.5397222222222,-26309.6122557358,23292.0707712924,2020-01-08 12:24:56
43.6230555555556,-26369.6001892788,23368.6271386602,2020-01-08 12:29:56
43.7063888888889,-26425.3968595109,23442.5853530752,2020-01-08 12:34:56
43.7897222222222,-26477.1693209254,23514.0489715337,2020-01-08 12:39:56
43.8730555555556,-26525.0779695859,23583.11742349,2020-01-08 12:44:56
43.9563888888889,-26569.2768085174,23649.8861753715,2020-01-08 12:49:56
44.0397222222222,-26609.9137025181,23714.4468885376,2020-01-08 12:54:56
44.1230555555556,-26647.1306228159,23776.8875709412,2020-01-08 12:59:56
44.2063888888889,-26681.0638819729,23837.2927227463,2020-01-08 13:04:56
44.2897222222222,-26711.8443594271,23895.7434761416,2020-01-08 13:09:56
44.3730555555556,-26739.597718045,23952.3177295811,2020-01-08 13:14:56
44.4563888888889,-26764.4446120422,24007.0902766746,2020-01-08 13:19:56
44.5397222222222,-26786.5008866174,24060.1329299402,2020-01-08 13:24:56
44.6230555555556,-26805.8777696287,24111.5146396254,2020-01-08 13:29:56
44.7063888888889,-26822.6820556308,24161.3016077913,2020-01-08 13:34:56
44.7897222222222,-26837.0162825764,24209.5573978505,2020-01-08 13:39:56
44.8730555555556,-26848.9789014751,24256.3430397382,2020-01-08 13:44:56
44.9563888888889,-26858.6644392893,24301.7171308923,2020-01-08 13:49:56
45.0397222222222,-26866.1636553382,24345.7359332082,2020-01-08 13:54:56
45.1230555555556,-26871.5636914675,24388.4534661294,2020-01-08 13:59:56
45.2063888888889,-26874.9482162339,24429.9215960276,2020-01-08 14:04:56
45.2897222222222,-26876.3975633421,24470.1901220208,2020-01-08 14:09:56
45.3730555555556,-26875.9888645649,24509.30685837,2020-01-08 14:14:56
45.4563888888889,-26873.7961773647,24547.317713593,2020-01-08 14:19:56
45.5397222222222,-26869.8906074283,24584.2667664237,2020-01-08 14:24:56
45.6230555555556,-26864.3404263183,24620.196338745,2020-01-08 14:29:56
45.7063888888889,-26857.2111844345,24655.1470656142,2020-01-08 14:34:56
45.7897222222222,-26848.565819473,24689.1579624973,2020-01-08 14:39:56
45.8730555555556,-26838.4647605632,24722.2664898237,2020-01-08 14:44:56
45.9563888888889,-26826.9660282524,24754.5086149684,2020-01-08 14:49:56
46.0397222222222,-26814.1253305072,24785.9188717628,2020-01-08 14:54:56
46.1230555555556,-26799.9961548869,24816.5304176347,2020-01-08 14:59:56
46.2063888888889,-26784.6298570439,24846.37508847,2020-01-08 15:04:56
46.2897222222222,-26768.0757456962,24875.4834512882,2020-01-08 15:09:56
46.3730555555556,-26750.3811642138,24903.8848548185,2020-01-08 15:14:56
46.4563888888889,-26731.5915689521,24931.6074780599,2020-01-08 15:19:56
46.5397222222222,-26711.7506044642,24958.6783769062,2020-01-08 15:24:56
46.6230555555556,-26690.9001757143,24985.1235289121,2020-01-08 15:29:56
46.7063888888889,-26669.0805174141,25010.9678762759,2020-01-08 15:34:56
46.7897222222222,-26646.3302605944,25036.2353671084,2020-01-08 15:39:56
46.8730555555556,-26622.6864965238,25060.9489950576,2020-01-08 15:44:56
46.9563888888889,-26598.1848380797,25085.1308373534,2020-01-08 15:49:56
47.0397222222222,-26572.8594786733,25108.8020913369,2020-01-08 15:54:56
47.1230555555556,-26546.7432488256,25131.983109533,2020-01-08 15:59:56
47.2063888888889,-26519.8676704885,25154.6934333258,2020-01-08 16:04:56
47.2897222222222,-26492.2630092011,25176.9518252916,2020-01-08 16:09:56
47.3730555555556,-26463.9583241667,25198.7763002433,2020-01-08 16:14:56
47.4563888888889,-26434.9815163337,25220.1841550374,2020-01-08 16:19:56
47.5397222222222,-26405.3593745609,25241.1919971937,2020-01-08 16:24:56
47.6230555555556,-26375.1176199416,25261.8157723736,2020-01-08 16:29:56
47.7063888888889,-26344.2809483619,25282.0707907638,2020-01-08 16:34:56
47.7897222222222,-26312.8730713624,25301.9717524086,2020-01-08 16:39:56
47.8730555555556,-26280.9167553706,25321.5327715323,2020-01-08 16:44:56
47.9563888888889,-26248.4338593708,25340.7673998925,2020-01-08 16:49:56
48.0397222222222,-26215.4453710716,25359.6886492028,2020-01-08 16:54:56
48.1230555555556,-26181.9714416316,25378.309012662,2020-01-08 16:59:56
48.2063888888889,-26148.0314190019,25396.6404856252,2020-01-08 17:04:56
48.2897222222222,-26113.643879939,25414.694585451,2020-01-08 17:09:56
48.3730555555556,-26078.8266607415,25432.4823705584,2020-01-08 17:14:56
48.4563888888889,-26043.5968867622,25450.0144587238,2020-01-08 17:19:56
48.5397222222222,-26007.9710007434,25467.3010446491,2020-01-08 17:24:56
48.6230555555556,-25971.9647900233,25484.35191683,2020-01-08 17:29:56
48.7063888888889,-25935.5934126569,25501.1764737515,2020-01-08 17:34:56
48.7897222222222,-25898.8714224975,25517.7837394391,2020-01-08 17:39:56
48.8730555555556,-25861.8127932762,25534.1823783896,2020-01-08 17:44:56
48.9563888888889,-25824.4309417239,25550.3807099074,2020-01-08 17:49:56
49.0397222222222,-25786.7387497694,25566.3867218695,2020-01-08 17:54:56
49.1230555555556,-25748.7485858549,25582.2080839422,2020-01-08 17:59:56
49.2063888888889,-25710.4723253999,25597.8521602716,2020-01-08 18:04:56
49.2897222222222,-25671.9213704503,25613.3260216676,2020-01-08 18:09:56
49.3730555555556,-25633.1066685446,25628.6364573039,2020-01-08 18:14:56
49.4563888888889,-25594.0387308271,25643.7899859508,2020-01-08 18:19:56
49.5397222222222,-25554.7276494402,25658.7928667615,2020-01-08 18:24:56
49.6230555555556,-25515.1831142219,25673.6511096282,2020-01-08 18:29:56
49.7063888888889,-25475.4144287393,25688.3704851261,2020-01-08 18:34:56
49.7897222222222,-25435.430525682,25702.9565340615,2020-01-08 18:39:56
49.8730555555556,-25395.2399816419,25717.4145766393,2020-01-08 18:44:56
49.9563888888889,-25354.8510313042,25731.7497212661,2020-01-08 18:49:56
50.0397222222222,-25314.2715810724,25745.9668730022,2020-01-08 18:54:56
50.1230555555556,-25273.50922215,25760.0707416777,2020-01-08 18:59:56
50.2063888888889,-25232.571243101,25774.0658496853,2020-01-08 19:04:56
50.2897222222222,-25191.4646419096,25787.9565394631,2020-01-08 19:09:56
50.3730555555556,-25150.1961375589,25801.7469806794,2020-01-08 19:14:56
50.4563888888889,-25108.7721811482,25815.4411771319,2020-01-08 19:19:56
50.5397222222222,-25067.1989665666,25829.0429733723,2020-01-08 19:24:56
50.6230555555556,-25025.4824407418,25842.5560610677,2020-01-08 19:29:56
50.7063888888889,-24983.6283134797,25855.9839851086,2020-01-08 19:34:56
50.7897222222222,-24941.6420669116,25869.330149474,2020-01-08 19:39:56
50.8730555555556,-24899.5289645654,25882.5978228642,2020-01-08 19:44:56
50.9563888888889,-24857.2940600739,25895.7901441087,2020-01-08 19:49:56
51.0397222222222,-24814.9422055371,25908.91012736,2020-01-08 19:54:56
51.1230555555556,-24772.4780595502,25921.9606670804,2020-01-08 19:59:56
51.2063888888889,-24729.9060949116,25934.9445428315,2020-01-08 20:04:56
51.2897222222222,-24687.2306060238,25947.8644238732,2020-01-08 20:09:56
51.3730555555556,-24644.4557159989,25960.7228735802,2020-01-08 20:14:56
51.4563888888889,-24601.5853834801,25973.5223536831,2020-01-08 20:19:56
51.5397222222222,-24558.6234091925,25986.265228342,2020-01-08 20:24:56
51.6230555555556,-24515.5734422312,25998.953768058,2020-01-08 20:29:56
51.7063888888889,-24472.4389860992,26011.5901534299,2020-01-08 20:34:56
51.7897222222222,-24429.2234045042,26024.1764787622,2020-01-08 20:39:56
51.8730555555556,-24385.9299269244,26036.7147555305,2020-01-08 20:44:56
51.9563888888889,-24342.5616539517,26049.2069157096,2020-01-08 20:49:56
52.0397222222222,-24299.1215624222,26061.6548149699,2020-01-08 20:54:56
52.1230555555556,-24255.6125103412,26074.0602357482,2020-01-08 20:59:56
52.2063888888889,-24212.0372416127,26086.4248901966,2020-01-08 21:04:56
52.2897222222222,-24168.3983905788,26098.7504230155,2020-01-08 21:09:56
52.3730555555556,-24124.6984863788,26111.0384141748,2020-01-08 21:14:56
52.4563888888889,-24080.9399571339,26123.2903815284,2020-01-08 21:19:56
52.5397222222222,-24037.1251339647,26135.5077833254,2020-01-08 21:24:56
52.6230555555556,-23993.2562548481,26147.692020623,2020-01-08 21:29:56
52.7063888888889,-23949.3354683206,26159.8444396044,2020-01-08 21:34:56
52.7897222222222,-23905.3648370329,26171.9663338066,2020-01-08 21:39:56
52.8730555555556,-23861.346341163,26184.0589462607,2020-01-08 21:44:56
52.9563888888889,-23817.2818816922,26196.123471548,2020-01-08 21:49:56
53.0397222222222,-23773.1732835511,26208.1610577774,2020-01-08 21:54:56
53.1230555555556,-23729.0222986386,26220.1728084842,2020-01-08 21:59:56
53.2063888888889,-23684.8306087207,26232.1597844567,2020-01-08 22:04:56
53.2897222222222,-23640.5998282132,26244.1230054909,2020-01-08 22:09:56
53.3730555555556,-23596.3315068528,26256.0634520782,2020-01-08 22:14:56
53.4563888888889,-23552.0271322614,26267.9820670276,2020-01-08 22:19:56
53.5397222222222,-23507.6881324076,26279.8797570253,2020-01-08 22:24:56
53.6230555555556,-23463.3158779691,26291.7573941355,2020-01-08 22:29:56
53.7063888888889,-23418.9116846008,26303.6158172429,2020-01-08 22:34:56
53.7897222222222,-23374.4768151117,26315.455833441,2020-01-08 22:39:56
53.8730555555556,-23330.0124815543,26327.278219367,2020-01-08 22:44:56
53.9563888888889,-23285.5198472301,26339.0837224877,2020-01-08 22:49:56
54.0397222222222,-23241.0000286142,26350.8730623352,2020-01-08 22:54:56
54.1230555555556,-23196.4540972029,26362.6469316982,2020-01-08 22:59:56
54.2063888888889,-23151.8830812863,26374.405997768,2020-01-08 23:04:56
54.2897222222222,-23107.2879676499,26386.1509032426,2020-01-08 23:09:56
54.3730555555556,-23062.6697032075,26397.8822673898,2020-01-08 23:14:56
54.4563888888889,-23018.0291965672,26409.600687072,2020-01-08 23:19:56
54.5397222222222,-22973.3673195359,26421.3067377339,2020-01-08 23:24:56
54.6230555555556,-22928.6849085608,26433.0009743544,2020-01-08 23:29:56
54.7063888888889,-22883.982766114,26444.6839323651,2020-01-08 23:34:56
54.7897222222222,-22839.2616620198,26456.3561285359,2020-01-08 23:39:56
54.8730555555556,-22794.5223347289,26468.0180618304,2020-01-08 23:44:56
54.9563888888889,-22749.7654925399,26479.6702142312,2020-01-08 23:49:56
55.0397222222222,-22704.9918147715,26491.3130515374,2020-01-08 23:54:56
55.1230555555556,-22660.2019528861,26502.9470241358,2020-01-08 23:59:56
55.2063888888889,-22615.3965315683,26514.5725677453,2020-01-09 00:04:56
55.2897222222222,-22570.576149758,26526.1901041384,2020-01-09 00:09:56
55.3730555555556,-22525.7413816415,26537.800041839,2020-01-09 00:14:56
55.4563888888889,-22480.8927776017,26549.4027767981,2020-01-09 00:19:56
55.5397222222222,-22436.0308651287,26560.9986930492,2020-01-09 00:24:56
55.6230555555556,-22391.1561496925,26572.5881633436,2020-01-09 00:29:56
55.7063888888889,-22346.2691155794,26584.1715497671,2020-01-09 00:34:56
55.7897222222222,-22301.3702266933,26595.7492043391,2020-01-09 00:39:56
55.8730555555556,-22256.4599273234,26607.3214695955,2020-01-09 00:44:56
55.9563888888889,-22211.538642879,26618.8886791545,2020-01-09 00:49:56
56.0397222222222,-22166.6067805936,26630.4511582697,2020-01-09 00:54:56
56.1230555555556,-22121.6647301989,26642.0092243674,2020-01-09 00:59:56
56.2063888888889,-22076.7128645691,26653.5631875723,2020-01-09 01:04:56
56.2897222222222,-22031.7515403383,26665.1133512204,2020-01-09 01:09:56
56.3730555555556,-21986.7810984906,26676.660012361,2020-01-09 01:14:56
56.4563888888889,-21941.801864924,26688.2034622483,2020-01-09 01:19:56
56.5397222222222,-21896.8141509898,26699.7439868231,2020-01-09 01:24:56
56.6230555555556,-21851.8182540078,26711.2818671858,2020-01-09 01:29:56
56.7063888888889,-21806.814457758,26722.817380062,2020-01-09 01:34:56
56.7897222222222,-21761.8030329507,26734.35079826,2020-01-09 01:39:56
56.8730555555556,-21716.7842376737,26745.8823911221,2020-01-09 01:44:56
56.9563888888889,-21671.7583178198,26757.4124249705,2020-01-09 01:49:56
57.0397222222222,-21626.7255074935,26768.9411635481,2020-01-09 01:54:56
57.1230555555556,-21581.6860293983,26780.4688684542,2020-01-09 01:59:56
57.2063888888889,-21536.6400952054,26791.9957995782,2020-01-09 02:04:56
57.2897222222222,-21491.5879059036,26803.5222155289,2020-01-09 02:09:56
57.3730555555556,-21446.5296521324,26815.048374063,2020-01-09 02:14:56
57.4563888888889,-21401.4655144966,26826.574532511,2020-01-09 02:19:56
57.5397222222222,-21356.3956638659,26838.1009482035,2020-01-09 02:24:56
57.6230555555556,-21311.3202616572,26849.6278788965,2020-01-09 02:29:56
57.7063888888889,-21266.2394601018,26861.1555831982,2020-01-09 02:34:56
57.7897222222222,-21221.1534024975,26872.6843209969,2020-01-09 02:39:56
57.8730555555556,-21176.062223445,26884.2143538909,2020-01-09 02:44:56
57.9563888888889,-21130.9660490716,26895.7459456213,2020-01-09 02:49:56
58.0397222222222,-21085.864997239,26907.2793625083,2020-01-09 02:54:56
58.1230555555556,-21040.7591777389,26918.8148738923,2020-01-09 02:59:56
58.2063888888889,-20995.6486924744,26930.3527525791,2020-01-09 03:04:56
58.2897222222222,-20950.5336356287,26941.8932752913,2020-01-09 03:09:56
58.3730555555556,-20905.4140938206,26953.4367231264,2020-01-09 03:14:56
58.4563888888889,-20860.2901462486,26964.9833820218,2020-01-09 03:19:56
58.5397222222222,-20815.1618648211,26976.533543228,2020-01-09 03:24:56
58.6230555555556,-20770.0293142758,26988.0875037901,2020-01-09 03:29:56
58.7063888888889,-20724.8925522868,26999.6455670398,2020-01-09 03:34:56
58.7897222222222,-20679.75162956,27011.2080430972,2020-01-09 03:39:56
58.8730555555556,-20634.6065899169,27022.7752493835,2020-01-09 03:44:56
58.9563888888889,-20589.4574703671,27034.3475111467,2020-01-09 03:49:56
59.0397222222222,-20544.3043011699,27045.9251619996,2020-01-09 03:54:56
59.1230555555556,-20499.1471058837,27057.5085444715,2020-01-09 03:59:56
59.2063888888889,-20453.9859014056,27069.0980105755,2020-01-09 04:04:56
59.2897222222222,-20408.8206979992,27080.6939223904,2020-01-09 04:09:56
59.3730555555556,-20363.6514993113,27092.2966526602,2020-01-09 04:14:56
59.4563888888889,-20318.4783023782,27103.9065854106,2020-01-09 04:19:56
59.5397222222222,-20273.3010976206,27115.5241165845,2020-01-09 04:24:56
59.6230555555556,-20228.1198688283,27127.1496546971,2020-01-09 04:29:56
59.7063888888889,-20182.9345931325,27138.7836215117,2020-01-09 04:34:56
59.7897222222222,-20137.7452409686,27150.4264527378,2020-01-09 04:39:56
59.8730555555556,-20092.5517760271,27162.078598752,2020-01-09 04:44:56
59.9563888888889,-20047.3541551935,27173.7405253428,2020-01-09 04:49:56
60.0397222222222,-20002.1523284772,27185.4127144819,2020-01-09 04:54:56
60.1230555555556,-19956.9462389282,27197.0956651211,2020-01-09 04:59:56
60.2063888888889,-19911.7358225434,27208.7898940182,2020-01-09 05:04:56
60.2897222222222,-19866.5210081608,27220.495936592,2020-01-09 05:09:56
60.3730555555556,-19821.3017173411,27232.2143478079,2020-01-09 05:14:56
60.4563888888889,-19776.0778642386,27243.9457030967,2020-01-09 05:19:56
60.5397222222222,-19730.8493554587,27255.690599306,2020-01-09 05:24:56
60.6230555555556,-19685.6160899037,27267.4496556885,2020-01-09 05:29:56
60.7063888888889,-19640.3779586053,27279.223514926,2020-01-09 05:34:56
60.7897222222222,-19595.1348445443,27291.0128441931,2020-01-09 05:39:56
60.8730555555556,-19549.8866224572,27302.8183362608,2020-01-09 05:44:56
60.9563888888889,-19504.6331586286,27314.6407106433,2020-01-09 05:49:56
61.0397222222222,-19459.3743106705,27326.4807147879,2020-01-09 05:54:56
61.1230555555556,-19414.1099272859,27338.3391253121,2020-01-09 05:59:56
61.2063888888889,-19368.8398480192,27350.2167492885,2020-01-09 06:04:56
61.2897222222222,-19323.5639029904,27362.11442558,2020-01-09 06:09:56
61.3730555555556,-19278.2819126141,27374.0330262281,2020-01-09 06:14:56
61.4563888888889,-19232.9936873022,27385.9734578956,2020-01-09 06:19:56
61.5397222222222,-19187.6990271503,27397.9366633665,2020-01-09 06:24:56
61.6230555555556,-19142.397721607,27409.9236231065,2020-01-09 06:29:56
61.7063888888889,-19097.0895491255,27421.9353568848,2020-01-09 06:34:56
61.7897222222222,-19051.7742767971,27433.9729254617,2020-01-09 06:39:56
61.8730555555556,-19006.4516599655,27446.0374323433,2020-01-09 06:44:56
61.9563888888889,-18961.1214418225,27458.1300256079,2020-01-09 06:49:56
62.0397222222222,-18915.7833529826,27470.2518998052,2020-01-09 06:54:56
62.1230555555556,-18870.4371110377,27482.4042979331,2020-01-09 06:59:56
62.2063888888889,-18825.0824200894,27494.588513494,2020-01-09 07:04:56
62.2897222222222,-18779.7189702598,27506.8058926354,2020-01-09 07:09:56
62.3730555555556,-18734.3464371785,27519.0578363768,2020-01-09 07:14:56
62.4563888888889,-18688.9644814462,27531.3458029283,2020-01-09 07:19:56
62.5397222222222,-18643.5727480728,27543.671310103,2020-01-09 07:24:56
62.6230555555556,-18598.1708658902,27556.0359378284,2020-01-09 07:29:56
62.7063888888889,-18552.7584469382,27568.4413307607,2020-01-09 07:34:56
62.7897222222222,-18507.3350858223,27580.8892010059,2020-01-09 07:39:56
62.8730555555556,-18461.9003590435,27593.3813309527,2020-01-09 07:44:56
62.9563888888889,-18416.4538242972,27605.9195762216,2020-01-09 07:49:56
63.0397222222222,-18370.9950197411,27618.5058687353,2020-01-09 07:54:56
63.1230555555556,-18325.5234632317,27631.1422199149,2020-01-09 07:59:56
63.2063888888889,-18280.038651526,27643.8307240084,2020-01-09 08:04:56
63.2897222222222,-18234.5400594492,27656.5735615558,2020-01-09 08:09:56
63.3730555555556,-18189.0271390255,27669.3730029966,2020-01-09 08:14:56
63.4563888888889,-18143.4993185715,27682.2314124269,2020-01-09 08:19:56
63.5397222222222,-18097.9560017503,27695.1512515108,2020-01-09 08:24:56
63.6230555555556,-18052.3965665849,27708.1350835535,2020-01-09 08:29:56
63.7063888888889,-18006.8203644289,27721.1855777425,2020-01-09 08:34:56
63.7897222222222,-17961.2267188934,27734.3055135641,2020-01-09 08:39:56
63.8730555555556,-17915.6149247278,27747.4977854022,2020-01-09 08:44:56
63.9563888888889,-17869.9842466528,27760.7654073274,2020-01-09 08:49:56
64.0397222222222,-17824.3339181441,27774.1115180841,2020-01-09 08:54:56
64.1230555555556,-17778.6631401638,27787.5393862838,2020-01-09 08:59:56
64.2063888888889,-17732.9710798385,27801.0524158133,2020-01-09 09:04:56
64.2897222222222,-17687.256869081,27814.6541514667,2020-01-09 09:09:56
64.3730555555556,-17641.5196031543,27828.3482848108,2020-01-09 09:14:56
64.4563888888889,-17595.7583391745,27842.1386602929,2020-01-09 09:19:56
64.5397222222222,-17549.9720945507,27856.029281602,2020-01-09 09:24:56
64.6230555555556,-17504.1598453589,27870.024318293,2020-01-09 09:29:56
64.7063888888889,-17458.3205246486,27884.1281126861,2020-01-09 09:34:56
64.7897222222222,-17412.4530206764,27898.3451870509,2020-01-09 09:39:56
64.8730555555556,-17366.5561750676,27912.6802510896,2020-01-09 09:44:56
64.9563888888889,-17320.6287808986,27927.1382097291,2020-01-09 09:49:56
65.0397222222222,-17274.6695807005,27941.7241712372,2020-01-09 09:54:56
65.1230555555556,-17228.6772643785,27956.443455674,2020-01-09 09:59:56
65.2063888888889,-17182.6504670439,27971.3016036951,2020-01-09 10:04:56
65.2897222222222,-17136.587766756,27986.3043857188,2020-01-09 10:09:56
65.3730555555556,-17090.4876821693,28001.4578114739,2020-01-09 10:14:56
65.4563888888889,-17044.3486700825,28016.7681399432,2020-01-09 10:19:56
65.5397222222222,-16998.1691228851,28032.2418897198,2020-01-09 10:24:56
65.6230555555556,-16951.9473658975,28047.8858497926,2020-01-09 10:29:56
65.7063888888889,-16905.6816546001,28063.7070907792,2020-01-09 10:34:56
65.7897222222222,-16859.3701717468,28079.7129766253,2020-01-09 10:39:56
65.8730555555556,-16813.011024358,28095.9111767884,2020-01-09 10:44:56
65.9563888888889,-16766.6022405888,28112.3096789283,2020-01-09 10:49:56
66.0397222222222,-16720.1417664664,28128.9168021229,2020-01-09 10:54:56
66.1230555555556,-16673.6274624914,28145.7412106333,2020-01-09 10:59:56
66.2063888888889,-16627.0571000977,28162.7919282393,2020-01-09 11:04:56
66.2897222222222,-16580.4283579655,28180.0783531704,2020-01-09 11:09:56
66.3730555555556,-16533.7388181804,28197.6102736555,2020-01-09 11:14:56
66.4563888888889,-16486.9859622322,28215.3978841193,2020-01-09 11:19:56
66.5397222222222,-16440.1671668487,28233.4518020492,2020-01-09 11:24:56
66.6230555555556,-16393.2796996543,28251.783085563,2020-01-09 11:29:56
66.7063888888889,-16346.3207146497,28270.4032517061,2020-01-09 11:34:56
66.7897222222222,-16299.2872475027,28289.324295507,2020-01-09 11:39:56
66.8730555555556,-16252.1762106435,28308.5587098243,2020-01-09 11:44:56
66.9563888888889,-16204.9843881558,28328.1195060176,2020-01-09 11:49:56
67.0397222222222,-16157.708430456,28348.0202354755,2020-01-09 11:54:56
67.1230555555556,-16110.344848751,28368.2750120382,2020-01-09 11:59:56
67.2063888888889,-16062.8900092656,28388.8985353498,2020-01-09 12:04:56
67.2897222222222,-16015.34012723,28409.9061151801,2020-01-09 12:09:56
67.3730555555556,-15967.6912606176,28431.3136967566,2020-01-09 12:14:56
67.4563888888889,-15919.9393036228,28453.137887147,2020-01-09 12:19:56
67.5397222222222,-15872.0799798671,28475.3959827368,2020-01-09 12:24:56
67.6230555555556,-15824.1088353237,28498.1059978487,2020-01-09 12:29:56
67.7063888888889,-15776.0212309481,28521.2866945481,2020-01-09 12:34:56
67.7897222222222,-15727.8123350018,28544.957613687,2020-01-09 12:39:56
67.8730555555556,-15679.4771150583,28569.1391072365,2020-01-09 12:44:56
67.9563888888889,-15631.0103296761,28593.8523719604,2020-01-09 12:49:56
68.0397222222222,-15582.4065197266,28619.1194844878,2020-01-09 12:54:56
68.1230555555556,-15533.6599993611,28644.9634378405,2020-01-09 12:59:56
68.2063888888889,-15484.7648466032,28671.4081794774,2020-01-09 13:04:56
68.2897222222222,-15435.7148935504,28698.4786509179,2020-01-09 13:09:56
68.3730555555556,-15386.5037161686,28726.2008290094,2020-01-09 13:14:56
68.4563888888889,-15337.124623663,28754.6017689091,2020-01-09 13:19:56
68.5397222222222,-15287.5706474077,28783.7096488489,2020-01-09 13:24:56
68.6230555555556,-15237.834529415,28813.5538167588,2020-01-09 13:29:56
68.7063888888889,-15187.908710327,28844.1648388264,2020-01-09 13:34:56
68.7897222222222,-15137.7853169075,28875.5745500708,2020-01-09 13:39:56
68.8730555555556,-15087.456149015,28907.816107017,2020-01-09 13:44:56
68.9563888888889,-15036.9126660352,28940.9240425562,2020-01-09 13:49:56
69.0397222222222,-14986.1459727492,28974.9343230843,2020-01-09 13:54:56
69.1230555555556,-14935.146804616,29009.8844080109,2020-01-09 13:59:56
69.2063888888889,-14883.9055124431,29045.8133117397,2020-01-09 14:04:56
69.2897222222222,-14832.4120464213,29082.7616682216,2020-01-09 14:09:56
69.3730555555556,-14780.6559394963,29120.7717981874,2020-01-09 14:14:56
69.4563888888889,-14728.6262900496,29159.887779171,2020-01-09 14:19:56
69.5397222222222,-14676.3117438614,29200.1555184403,2020-01-09 14:24:56
69.6230555555556,-14623.7004753235,29241.6228289545,2020-01-09 14:29:56
69.7063888888889,-14570.7801678727,29284.3395084758,2020-01-09 14:34:56
69.7897222222222,-14517.5379936123,29328.3574219639,2020-01-09 14:39:56
69.8730555555556,-14463.9605920869,29373.7305873915,2020-01-09 14:44:56
69.9563888888889,-14410.0340481762,29420.5152651223,2020-01-09 14:49:56
70.0397222222222,-14355.7438690712,29468.7700509988,2020-01-09 14:54:56
70.1230555555556,-14301.0749602946,29518.5559732948,2020-01-09 14:59:56
70.2063888888889,-14246.0116007255,29569.9365936921,2020-01-09 15:04:56
70.2897222222222,-14190.5374165873,29622.9781124497,2020-01-09 15:09:56
70.3730555555556,-14134.6353543557,29677.7494779376,2020-01-09 15:14:56
70.4563888888889,-14078.2876525425,29734.3225007191,2020-01-09 15:19:56
70.5397222222222,-14021.4758123067,29792.7719723674,2020-01-09 15:24:56
70.6230555555556,-13964.1805668473,29853.1757892159,2020-01-09 15:29:56
70.7063888888889,-13906.3818495242,29915.6150812441,2020-01-09 15:34:56
70.7897222222222,-13848.0587606559,29980.1743463158,2020-01-09 15:39:56
70.8730555555556,-13789.1895329393,30046.9415899878,2020-01-09 15:44:56
70.9563888888889,-13729.7514954338,30116.0084711237,2020-01-09 15:49:56
71.0397222222222,-13669.7210360496,30187.4704535519,2020-01-09 15:54:56
71.1230555555556,-13609.0735624797,30261.4269640198,2020-01-09 15:59:56
71.2063888888889,-13547.7834615096,30337.9815567041,2020-01-09 16:04:56
71.2897222222222,-13485.8240566377,30417.2420845511,2020-01-09 16:09:56
71.3730555555556,-13423.1675639365,30499.3208777297,2020-01-09 16:14:56
71.4563888888889,-13359.7850460818,30584.3349294916,2020-01-09 16:19:56
71.5397222222222,-13295.6463644729,30672.4060897482,2020-01-09 16:24:56
71.6230555555556,-13230.7201293655,30763.6612666821,2020-01-09 16:29:56
71.7063888888889,-13164.9736479347,30858.232636729,2020-01-09 16:34:56
71.7897222222222,-13098.3728701812,30956.2578632754,2020-01-09 16:39:56
71.8730555555556,-13030.882332593,31057.8803244363,2020-01-09 16:44:56
71.9563888888889,-12962.4650994671,31163.2493502868,2020-01-09 16:49:56
72.0397222222222,-12893.0827017962,31272.5204699434,2020-01-09 16:54:56
72.1230555555556,-12822.6950736185,31385.8556689009,2020-01-09 16:59:56
72.2063888888889,-12751.2604857241,31503.4236570529,2020-01-09 17:04:56
72.2897222222222,-12678.7354766107,31625.4001478381,2020-01-09 17:09:56
72.3730555555556,-12605.0747805721,31751.9681489739,2020-01-09 17:14:56
72.4563888888889,-12530.2312528023,31883.3182652608,2020-01-09 17:19:56
72.5397222222222,-12454.1557913895,32019.649013955,2020-01-09 17:24:56
72.6230555555556,-12376.7972560728,32161.1671532342,2020-01-09 17:29:56
72.7063888888889,-12298.1023836259,32308.0880242981,2020-01-09 17:34:56
72.7897222222222,-12218.0156997276,32460.6359076706,2020-01-09 17:39:56
72.8730555555556,-12136.4794271749,32619.0443942928,2020-01-09 17:44:56
72.9563888888889,-12053.433390285,32783.5567720211,2020-01-09 17:49:56
73.0397222222222,-11968.8149153292,32954.4264281698,2020-01-09 17:54:56
73.1230555555556,-11882.5587268328,33131.9172687635,2020-01-09 17:59:56
73.2063888888889,-11794.5968395716,33316.3041551951,2020-01-09 18:04:56
73.2897222222222,-11704.8584460832,33507.8733590089,2020-01-09 18:09:56
73.3730555555556,-11613.2697995099,33706.9230355642,2020-01-09 18:14:56
73.4563888888889,-11519.7540915777,33913.7637173607,2020-01-09 18:19:56
73.5397222222222,-11424.2313255093,34128.7188278436,2020-01-09 18:24:56
73.6230555555556,-11326.6002765146,34352.0015981995,2020-01-09 18:29:56
73.7063888888889,-11226.6280410264,34582.9541020856,2020-01-09 18:34:56
73.7897222222222,-11124.0219807949,34820.5454786468,2020-01-09 18:39:56
73.8730555555556,-11018.4848685564,35063.754256274,2020-01-09 18:44:56
73.9563888888889,-10909.7146273475,35311.5682578732,2020-01-09 18:49:56
74.0397222222222,-10797.4038306913,35562.9829261232,2020-01-09 18:54:56
74.1230555555556,-10681.2391939313,35816.9996613419,2020-01-09 18:59:56
74.2063888888889,-10560.9010558728,36072.6241692101,2020-01-09 19:04:56
74.2897222222222,-10436.0628498734,36328.8648156184,2020-01-09 19:09:56
74.3730555555556,-10306.3905635082,36584.7309859163,2020-01-09 19:14:56
74.4563888888889,-10171.5421859149,36839.2314458474,2020-01-09 19:19:56
74.5397222222222,-10031.1671419052,37091.3727014604,2020-01-09 19:24:56
74.6230555555556,-9884.90571190506,37340.1573552798,2020-01-09 19:29:56
74.7063888888889,-9732.38843676514,37584.582456019,2020-01-09 19:34:56
74.7897222222222,-9573.23550645633,37823.6378391042,2020-01-09 19:39:56
74.8730555555556,-9407.0561316385,38056.304455262,2020-01-09 19:44:56
74.9563888888889,-9233.447897063,38281.5526844078,2020-01-09 19:49:56
75.0397222222222,-9051.99609573906,38498.3406320429,2020-01-09 19:54:56
75.1230555555556,-8862.27304276248,38705.6124053431,2020-01-09 19:59:56
75.2063888888889,-8663.84430403719,38902.2975133567,2020-01-09 20:04:56
75.2897222222222,-8456.63994928037,39087.3706197251,2020-01-09 20:09:56
75.3730555555556,-8241.14233755168,39259.880924936,2020-01-09 20:14:56
75.4563888888889,-8017.86653728449,39418.8645228703,2020-01-09 20:19:56
75.5397222222222,-7787.31608044764,39563.383149349,2020-01-09 20:24:56
75.6230555555556,-7550.00562773538,39693.3089969688,2020-01-09 20:29:56
75.7063888888889,-7306.45828831855,39809.1972918387,2020-01-09 20:34:56
75.7897222222222,-7057.18747282404,39911.6024002162,2020-01-09 20:39:56
75.8730555555556,-6802.69712185333,40001.0563791679,2020-01-09 20:44:56
75.9563888888889,-6543.48253979899,40078.0698569074,2020-01-09 20:49:56
76.0397222222222,-6280.03121437217,40143.1328776778,2020-01-09 20:54:56
76.1230555555556,-6012.82362319665,40196.7157125751,2020-01-09 20:59:56
76.2063888888889,-5742.33402880371,40239.2696376559,2020-01-09 21:04:56
76.2897222222222,-5469.03126334383,40271.2276806161,2020-01-09 21:09:56
76.3730555555556,-5193.37950431348,40293.0053372749,2020-01-09 21:14:56
76.4563888888889,-4915.83904257978,40305.001259052,2020-01-09 21:19:56
76.5397222222222,-4636.86704397489,40307.5979125736,2020-01-09 21:24:56
76.6230555555556,-4356.91830571969,40301.1622124987,2020-01-09 21:29:56
76.7063888888889,-4076.44600892799,40286.0461286143,2020-01-09 21:34:56
76.7897222222222,-3795.90246843709,40262.5872682016,2020-01-09 21:39:56
76.8730555555556,-3515.73988120509,40231.1094346393,2020-01-09 21:44:56
76.9563888888889,-3236.41107451267,40191.9231631662,2020-01-09 21:49:56
77.0397222222222,-2958.37025520829,40145.3262346909,2020-01-09 21:54:56
77.1230555555556,-2682.07376123591,40091.6041684981,2020-01-09 21:59:56
77.2063888888889,-2407.98081668846,40031.0306946669,2020-01-09 22:04:56
77.2897222222222,-2136.55429163718,39963.8682069826,2020-01-09 22:09:56
77.3730555555556,-1868.26146799341,39890.3681970923,2020-01-09 22:14:56
77.4563888888889,-1603.57481266995,39810.7716706203,2020-01-09 22:19:56
77.5397222222222,-1342.97275932175,39725.3095459356,2020-01-09 22:24:56
77.6230555555556,-1086.94049995926,39634.2030362268,2020-01-09 22:29:56
77.7063888888889,-835.9707877436,39537.6640155209,2020-01-09 22:34:56
77.7897222222222,-590.564752292819,39435.8953692478,2020-01-09 22:39:56
77.8730555555556,-351.232728847769,39329.0913299341,2020-01-09 22:44:56
77.9563888888889,-118.495102669154,39217.4377985782,2020-01-09 22:49:56
78.0397222222222,107.116829936349,39101.1126522411,2020-01-09 22:54:56
78.1230555555556,325.059982536614,38980.2860383608,2020-01-09 22:59:56
78.2063888888889,534.778579987111,38855.1206562768,2020-01-09 23:04:56
78.2897222222222,735.703238848895,38725.7720264316,2020-01-09 23:09:56
78.3730555555556,927.250025290466,38592.3887476937,2020-01-09 23:14:56
78.4563888888889,1108.81948891492,38455.1127432283,2020-01-09 23:19:56
78.5397222222222,1279.79760838239,38314.0708516893,2020-01-09 23:24:56
78.6230555555556,1439.78729860519,38168.3376813393,2020-01-09 23:29:56
78.7063888888889,1588.8286680967,38014.9485134514,2020-01-09 23:34:56
78.7897222222222,1726.99602418373,37850.692573988,2020-01-09 23:39:56
78.8730555555556,1854.34630381385,37672.3360177354,2020-01-09 23:44:56
78.9563888888889,1970.96935235536,37476.2056112891,2020-01-09 23:49:56
79.0397222222222,2077.02495361981,37257.8806304012,2020-01-09 23:54:56
79.1230555555556,2172.66409918071,37012.8324433955,2020-01-09 23:59:56
79.2063888888889,2257.85606604634,36737.0710890754,2020-01-10 00:04:56
79.2897222222222,2331.21278119673,36431.3047391482,2020-01-10 00:09:56
79.3730555555556,2390.91747572211,36098.7654583228,2020-01-10 00:14:56
79.4563888888889,2437.34598765756,35745.0199038225,2020-01-10 00:19:56
79.5397222222222,2472.03750836066,35376.8617469227,2020-01-10 00:24:56
79.6230555555556,2496.52294638992,35001.0726704854,2020-01-10 00:29:56
79.7063888888889,2512.31632338715,34624.4217313034,2020-01-10 00:34:56
79.7897222222222,2520.91727916765,34253.6765601374,2020-01-10 00:39:56
79.8730555555556,2523.81355301426,33895.6145593928,2020-01-10 00:44:56
79.9563888888889,2522.48344528095,33557.0341169644,2020-01-10 00:49:56
80.0397222222222,2518.39826337874,33244.7658548042,2020-01-10 00:54:56
80.1230555555556,2513.02475619123,32965.6839308234,2020-01-10 00:59:56
80.2063888888889,2507.82754094755,32726.7174128281,2020-01-10 01:04:56
80.2897222222222,2504.27152656831,32534.8617433091,2020-01-10 01:09:56
80.3730555555556,2503.82428920347,32396.9734686753,2020-01-10 01:14:56
80.4563888888889,2507.35716627206,32313.0689973852,2020-01-10 01:19:56
80.5397222222222,2513.65562502413,32274.0885766419,2020-01-10 01:24:56
80.6230555555556,2521.05502880786,32270.240662696,2020-01-10 01:29:56
80.7063888888889,2527.89256258783,32291.7918418109,2020-01-10 01:34:56
80.7897222222222,2532.50448166221,32329.0507254207,2020-01-10 01:39:56
80.8730555555556,2533.22335884185,32372.3519148235,2020-01-10 01:44:56
80.9563888888889,2528.37532553633,32412.0400088762,2020-01-10 01:49:56
81.0397222222222,2516.34040184197,32438.7844367124,2020-01-10 01:54:56
81.1230555555556,2496.58305776157,32448.9809280715,2020-01-10 01:59:56
81.2063888888889,2469.48417809871,32443.8692484027,2020-01-10 02:04:56
81.2897222222222,2435.44188882114,32424.8179071151,2020-01-10 02:09:56
81.3730555555556,2394.84282737715,32393.1723491461,2020-01-10 02:14:56
81.4563888888889,2348.06278242325,32350.2571811256,2020-01-10 02:19:56
81.5397222222222,2295.46731560166,32297.3783630614,2020-01-10 02:24:56
81.6230555555556,2237.41236639615,32235.8253691722,2020-01-10 02:29:56
81.7063888888889,2174.24484106715,32166.8733214429,2020-01-10 02:34:56
81.7897222222222,2106.30318664054,32091.7850994329,2020-01-10 02:39:56
81.8730555555556,2033.91795089988,32011.8134298282,2020-01-10 02:44:56
81.9563888888889,1957.41232930855,31928.2029591951,2020-01-10 02:49:56
82.0397222222222,1877.10269976683,31842.1923133636,2020-01-10 02:54:56
82.1230555555556,1793.29914608871,31755.0161468499,2020-01-10 02:59:56
82.2063888888889,1706.30597106445,31667.9071857074,2020-01-10 03:04:56
82.2897222222222,1616.42219995797,31582.0982671868,2020-01-10 03:09:56
82.3730555555556,1523.94207527217,31498.824379581,2020-01-10 03:14:56
82.4563888888889,1429.15554360046,31419.3247056283,2020-01-10 03:19:56
82.5397222222222,1332.34873537057,31344.8446728554,2020-01-10 03:24:56
82.6230555555556,1233.80374401876,31276.6275428516,2020-01-10 03:29:56
82.7063888888889,1133.75382915199,31215.2337609406,2020-01-10 03:34:56
82.7897222222222,1032.35593610801,31160.121576748,2020-01-10 03:39:56
82.8730555555556,929.758117802434,31110.6591499227,2020-01-10 03:44:56
82.9563888888889,826.10644176244,31066.2239881649,2020-01-10 03:49:56
83.0397222222222,721.545231809201,31026.2019172543,2020-01-10 03:54:56
83.1230555555556,616.217306855164,30989.986064841,2020-01-10 03:59:56
83.2063888888889,510.264217211176,30956.9758563196,2020-01-10 04:04:56
83.2897222222222,403.826478794732,30926.5760211212,2020-01-10 04:09:56
83.3730555555556,297.043805626747,30898.1956077839,2020-01-10 04:14:56
83.4563888888889,190.05534100133,30871.2470061673,2020-01-10 04:19:56
83.5397222222222,82.999887711416,30845.1449751974,2020-01-10 04:24:56
83.6230555555556,-23.9838622890016,30819.3056745304,2020-01-10 04:29:56
83.7063888888889,-130.757098406193,30793.1456985343,2020-01-10 04:34:56
83.7897222222222,-237.180661731548,30766.0811109898,2020-01-10 04:39:56
83.8730555555556,-343.114814790117,30737.5264789134,2020-01-10 04:44:56
83.9563888888889,-448.419010332017,30706.8939039035,2020-01-10 04:49:56
84.0397222222222,-552.951658783834,30673.5920494084,2020-01-10 04:54:56
84.1230555555556,-656.719169303523,30637.2436207482,2020-01-10 04:59:56
84.2063888888889,-760.34820985817,30598.3758589733,2020-01-10 05:04:56
84.2897222222222,-864.626927341953,30557.7484898785,2020-01-10 05:09:56
84.3730555555556,-970.344543968479,30516.1183283634,2020-01-10 05:14:56
84.4563888888889,-1078.29266274438,30474.2405301137,2020-01-10 05:19:56
84.5397222222222,-1189.26657725036,30432.869841077,2020-01-10 05:24:56
84.6230555555556,-1304.06658752859,30392.7618462604,2020-01-10 05:29:56
84.7063888888889,-1423.499324254,30354.6742199167,2020-01-10 05:34:56
84.7897222222222,-1548.37908337998,30319.3679791866,2020-01-10 05:39:56
84.8730555555556,-1679.52917346695,30287.6087432735,2020-01-10 05:44:56
84.9563888888889,-1817.78327792347,30260.1680002309,2020-01-10 05:49:56
85.0397222222222,-1963.98683441312,30237.8243834624,2020-01-10 05:54:56
85.1230555555556,-2118.99843371003,30221.3649600427,2020-01-10 05:59:56
85.2063888888889,-2283.67809210894,30211.5271729364,2020-01-10 06:04:56
85.2897222222222,-2458.60863842178,30207.7357861384,2020-01-10 06:09:56
85.3730555555556,-2644.10173344542,30208.1247551949,2020-01-10 06:14:56
85.4563888888889,-2840.47437744444,30210.7801565224,2020-01-10 06:19:56
85.5397222222222,-3048.06157191301,30213.7918165609,2020-01-10 06:24:56
85.6230555555556,-3267.21687883757,30215.2501478093,2020-01-10 06:29:56
85.7063888888889,-3498.42534614755,30213.1660590156,2020-01-10 06:34:56
85.7897222222222,-3742.59463310326,30205.2688523107,2020-01-10 06:39:56
85.8730555555556,-4000.7401320119,30189.2205543425,2020-01-10 06:44:56
85.9563888888889,-4272.96321154234,30163.6577360147,2020-01-10 06:49:56
86.0397222222222,-4557.23795322617,30129.4685709439,2020-01-10 06:54:56
86.1230555555556,-4851.25796088554,30087.8436891495,2020-01-10 06:59:56
86.2063888888889,-5152.7329627952,30039.9614175634,2020-01-10 07:04:56
86.2897222222222,-5459.38502221394,29986.9897296814,2020-01-10 07:09:56
86.3730555555556,-5768.94476832541,29930.0881780855,2020-01-10 07:14:56
86.4563888888889,-6079.14764135256,29870.4098130307,2020-01-10 07:19:56
86.5397222222222,-6387.73014563183,29809.1030902753,2020-01-10 07:24:56
86.6230555555556,-6692.42610444814,29747.3137713074,2020-01-10 07:29:56
86.7063888888889,-6990.96291043421,29686.1868191147,2020-01-10 07:34:56
86.7897222222222,-7281.05776532935,29626.8682926328,2020-01-10 07:39:56
86.8730555555556,-7560.44010036302,29570.4843038947,2020-01-10 07:44:56
