"Trip","Ptt","locType","Time_absolute","Time_since","off_island","lag1","diff1","Distance","Speed_ms","Speed_kph","Avg_speed","LON","LAT","Start_trip_new"
1,196703,"p","2020-01-07 15:22:00",22.5333333333333,TRUE,22.45,0.0833333333333002,441.621345452247,1.47207115150808,5.29945614542908,5.29945614542908,-25956.6199951925,26699.0607525268,TRUE
1,196703,"p","2020-01-07 15:27:00",22.6166666666667,TRUE,22.5333333333333,0.0833333333333997,453.460879608171,1.51153626535937,5.44153055529372,5.37049335036139,-25506.8572706229,26771.865215939,FALSE
1,196703,"p","2020-01-07 15:32:00",22.7,TRUE,22.6166666666667,0.0833333333333002,463.524652408344,1.54508217469509,5.56229582890234,5.43442750987504,-25047.0039196509,26845.6117746163,FALSE
1,196703,"p","2020-01-07 15:37:00",22.7833333333333,TRUE,22.7,0.0833333333333002,472.066293824579,1.57355431274922,5.66479552589721,5.49201951388059,-24578.588021289,26920.1649318768,FALSE
1,196703,"p","2020-01-07 15:42:00",22.8666666666667,TRUE,22.7833333333333,0.0833333333333997,479.301179169775,1.59767059723131,5.75161415003272,5.54393844111101,-24102.9213544782,26995.4095666909,FALSE
1,196703,"p","2020-01-07 15:47:00",22.95,TRUE,22.8666666666667,0.0833333333333002,485.411801549749,1.61803933849981,5.8249416185993,5.59077230402573,-23621.1325351749,27071.2480255394,FALSE
1,196703,"p","2020-01-07 15:52:00",23.0333333333333,TRUE,22.95,0.0833333333333002,490.552339028695,1.63517446342964,5.88662806834669,5.63303741321444,-23134.1955265256,27147.5976556171,FALSE
1,196703,"p","2020-01-07 15:57:00",23.1166666666667,TRUE,23.0333333333333,0.0833333333333997,494.852521895533,1.64950840631713,5.93823026274167,5.67118651940534,-22642.9542423265,27224.3887169109,FALSE
1,196703,"p","2020-01-07 16:02:00",23.2,TRUE,23.1166666666667,0.0833333333333002,498.420891984416,1.66140297328205,5.98105070381537,5.70561587322868,-22148.1438652836,27301.5626204751,FALSE
1,196703,"p","2020-01-07 16:07:00",23.2833333333333,TRUE,23.2,0.0833333333333002,501.347532922585,1.67115844307595,6.01617039507341,5.73667132541315,-21650.409418599,27379.0704484056,FALSE
1,196703,"p","2020-01-07 16:12:00",23.3666666666667,TRUE,23.2833333333333,0.0833333333333997,503.706338207658,1.67902112735752,6.04447605848709,5.76465357387442,-21150.3220600166,27456.8717181442,FALSE
1,196703,"p","2020-01-07 16:17:00",23.45,TRUE,23.3666666666667,0.0833333333333002,505.556873132705,1.68518957710969,6.06668247759487,5.78982264918446,-20648.3935099452,27534.9333598021,FALSE
1,196703,"p","2020-01-07 16:22:00",23.5333333333333,TRUE,23.45,0.0833333333333002,506.945876815294,1.68981958938498,6.08335052178594,5.81240171630765,-20145.0889781189,27613.2288808024,FALSE
1,196703,"p","2020-01-07 16:27:00",23.6166666666667,TRUE,23.5333333333333,0.0833333333333997,507.90844185663,1.69302813952075,6.09490130227471,5.83258025816244,-19640.8389153458,27691.737696628,FALSE
1,196703,"p","2020-01-07 16:32:00",23.7,TRUE,23.6166666666667,0.0833333333333002,508.468901232754,1.69489633744319,6.10162681479548,5.85051669527131,-19136.0498872047,27770.4446108471,FALSE
1,196703,"p","2020-01-07 16:37:00",23.7833333333333,TRUE,23.7,0.0833333333333002,508.641444829532,1.69547148276578,6.10369733795681,5.86634048543915,-18631.1148443711,27849.3394312215,FALSE
1,196703,"p","2020-01-07 16:42:00",23.8666666666667,TRUE,23.7833333333333,0.0833333333333997,508.430481380491,1.69476827126696,6.10116577656104,5.88015373785809,-18126.4230490179,27928.4167122478,FALSE
1,196703,"p","2020-01-07 16:47:00",23.95,TRUE,23.8666666666667,0.0833333333333002,507.830755368794,1.69276918456332,6.09396906442796,5.89203236711197,-17622.3699080361,28007.6756176115,FALSE
1,196703,"p","2020-01-07 16:52:00",24.0333333333333,TRUE,23.95,0.0833333333333002,506.827222459134,1.68942407486445,6.08192666951202,5.90202680408039,-17119.3669614812,28087.1198990174,FALSE
1,196703,"p","2020-01-07 16:57:00",24.1166666666667,TRUE,24.0333333333333,0.0833333333333997,505.394681354817,1.68464893784805,6.06473617625298,5.91016227268902,-16617.8522785625,28166.757990996,FALSE
1,196703,"p","2020-01-07 17:02:00",24.2,TRUE,24.1166666666667,0.0833333333333002,503.497154221684,1.67832384740628,6.04196585066261,5.91643863354491,-16118.3015237871,28246.6032239673,FALSE
1,196703,"p","2020-01-07 17:07:00",24.2833333333333,TRUE,24.2,0.0833333333333002,501.087002262819,1.6702900075434,6.01304402715622,5.92082978779997,-15621.2399728105,28326.6741609826,FALSE
1,196703,"p","2020-01-07 17:12:00",24.3666666666667,TRUE,24.2833333333333,0.0833333333333997,498.10375734062,1.66034585780075,5.97724508808268,5.92328262694269,-15127.2557815185,28406.9950666279,FALSE
1,196703,"p","2020-01-07 17:17:00",24.45,TRUE,24.3666666666667,0.0833333333333002,494.472645053847,1.64824215018014,5.93367174064852,5.92371550668044,-14637.0148435412,28487.5965199948,FALSE
1,196703,"p","2020-01-07 17:22:00",24.5333333333333,TRUE,24.45,0.0833333333333002,490.102769344147,1.63367589781447,5.88123323213211,5.9220162156985,-14151.2776115135,28568.51618717,FALSE
1,196703,"p","2020-01-07 17:27:00",24.6166666666667,TRUE,24.5333333333333,0.0833333333333997,484.884924187147,1.61628308062254,5.81861909024113,5.91803940318091,-13670.9183070078,28649.7997726759,FALSE
1,196703,"p","2020-01-07 17:32:00",24.7,TRUE,24.6166666666667,0.0833333333333002,478.688994861665,1.59562998287285,5.74426793834226,5.9116034230017,-13196.9470044043,28731.5021740156,FALSE
1,196703,"p","2020-01-07 17:37:00",24.7833333333333,TRUE,24.7,0.0833333333333002,471.360911494466,1.57120303831551,5.65633093793584,5.90248654853506,-12730.5351465639,28813.6888685309,FALSE
1,196703,"p","2020-01-07 17:42:00",24.8666666666667,TRUE,24.7833333333333,0.0833333333333997,462.719124066415,1.54239708022016,5.55262948879256,5.89042251199222,-12273.0451368603,28896.43756732,FALSE
1,196703,"p","2020-01-07 17:47:00",24.95,TRUE,24.8666666666667,0.0833333333333002,452.550586967786,1.50850195655989,5.43060704361559,5.875095329713,-11826.0647551012,28979.8401784399,FALSE
1,196703,"p","2020-01-07 17:52:00",25.0333333333333,TRUE,24.95,0.0833333333333002,440.606284439043,1.4686876147974,5.28727541327062,5.85613339692453,-11391.4472667212,29064.0051285031,FALSE
1,196703,"p","2020-01-07 17:57:00",25.1166666666667,TRUE,25.0333333333333,0.0833333333333997,426.596420435328,1.42198806811663,5.11915704521986,5.83310288593376,-10971.3582384596,29149.0601017077,FALSE
1,196703,"p","2020-01-07 18:02:00",25.2,TRUE,25.1166666666667,0.0833333333333002,410.177324990591,1.36725774996918,4.92212789988905,5.80549758332635,-10568.338775417,29235.1554489582,FALSE
1,196703,"p","2020-01-07 18:07:00",25.2833333333333,TRUE,25.2,0.0833333333333002,367.952913931625,1.22650971310591,4.41543496718126,5.76461338873385,-10209.2426323529,29322.9818602307,FALSE
1,196703,"p","2020-01-07 18:12:00",25.3666666666667,TRUE,25.2833333333333,0.0833333333333997,351.019822433802,1.17006607477841,4.21223786920228,5.72025980246151,-9868.02873902446,29412.1112879487,FALSE
1,196703,"p","2020-01-07 18:17:00",25.45,TRUE,25.3666666666667,0.0833333333333002,335.850412559127,1.11950137519753,4.03020495071112,5.67331383435734,-9542.98920422023,29502.6626582205,FALSE
1,196703,"p","2020-01-07 18:22:00",25.5333333333333,TRUE,25.45,0.0833333333333002,322.052960514693,1.07350986838274,3.86463552617785,5.6334577060448,-9232.83325242927,29594.7910008226,FALSE
1,196703,"p","2020-01-07 18:27:00",25.6166666666667,TRUE,25.5333333333333,0.0833333333333997,309.284231500328,1.03094743833361,3.71141077800098,5.58539882334223,-8936.64608504596,29688.6911816854,FALSE
1,196703,"p","2020-01-07 18:32:00",25.7,TRUE,25.6166666666667,0.0833333333333002,297.234325324659,0.990781084415924,3.56681190389732,5.52996871431431,-8653.86577147391,29784.6028254712,FALSE
1,196703,"p","2020-01-07 18:37:00",25.7833333333333,TRUE,25.7,0.0833333333333002,285.621562443898,0.952071874813373,3.42745874932814,5.46782047052073,-8384.26905409788,29882.8163687806,FALSE
1,196703,"p","2020-01-07 18:42:00",25.8666666666667,TRUE,25.7833333333333,0.0833333333333997,274.18970370402,0.913965679012672,3.29027644444562,5.39944997869886,-8127.9657085284,29983.6803969069,FALSE
1,196703,"o","2020-01-07 18:43:00",25.8833333333333,TRUE,25.8666666666667,0.0166666666666018,53.4632112252096,0.89105352042363,3.20779267352507,5.32675139689124,-8078.33852921294,30004.2076359995,FALSE
1,196703,"p","2020-01-07 18:47:00",25.95,TRUE,25.8833333333333,0.0666666666666984,199.804853763966,0.832520224016131,2.99707280645807,5.24648597294989,-7896.95680021911,30090.1076381452,FALSE
1,196703,"p","2020-01-07 18:52:00",26.0333333333333,TRUE,25.95,0.0833333333333002,241.527710191431,0.805092367305092,2.89833252229833,5.16204436904869,-7680.76102218878,30200.154735302,FALSE
1,196703,"p","2020-01-07 18:57:00",26.1166666666667,TRUE,26.0333333333333,0.0833333333333997,234.389669610558,0.781298898701238,2.81267603532446,5.07403396159061,-7474.17437731086,30313.0293563565,FALSE
1,196703,"p","2020-01-07 19:02:00",26.2,TRUE,26.1166666666667,0.0833333333333002,229.146118117925,0.763820393726721,2.7497534174162,4.98330015665569,-7275.19106328115,30428.6492824722,FALSE
1,196703,"p","2020-01-07 19:07:00",26.2833333333333,TRUE,26.2,0.0833333333333002,225.598557668862,0.75199519222984,2.70718269202743,4.89059756314292,-7081.99734692183,30547.001644494,FALSE
1,196703,"p","2020-01-07 19:12:00",26.3666666666667,TRUE,26.2833333333333,0.0833333333333997,223.602382725485,0.745341275751022,2.68322859270368,4.79661273300705,-6892.9257471382,30668.1425978069,FALSE
1,196703,"p","2020-01-07 19:17:00",26.45,TRUE,26.3666666666667,0.0833333333333002,223.06247557909,0.743541585263928,2.67674970695014,4.70198493259494,-6706.41291237374,30792.1987409262,FALSE
1,196703,"p","2020-01-07 19:22:00",26.5333333333333,TRUE,26.45,0.0833333333333002,223.929750633974,0.746432502113545,2.68715700760876,4.60732536885422,-6520.96012850197,30919.3703134956,FALSE
1,196703,"p","2020-01-07 19:27:00",26.6166666666667,TRUE,26.5333333333333,0.0833333333333997,226.198736841953,0.753995789472575,2.71438484210127,4.51323531405716,-6335.09545953535,31049.9362545989,FALSE
1,196703,"p","2020-01-07 19:32:00",26.7,TRUE,26.6166666666667,0.0833333333333002,229.906267162681,0.76635422387591,2.75887520595327,4.42032358816818,-6147.33656478179,31184.2612490805,FALSE
1,196703,"p","2020-01-07 19:37:00",26.7833333333333,TRUE,26.7,0.0833333333333002,235.133877477783,0.783779591592923,2.82160652973452,4.32922472020077,-5956.15242808412,31322.8081647253,FALSE
1,196703,"p","2020-01-07 19:42:00",26.8666666666667,TRUE,26.7833333333333,0.0833333333333997,249.243938476676,0.830813128254924,2.99092726171773,4.24302911456993,-5757.61614209694,31475.1726069536,FALSE
1,196703,"p","2020-01-07 19:47:00",26.95,TRUE,26.8666666666667,0.0833333333333002,256.208333333891,0.854027777779975,3.07450000000791,4.15948948486148,-5552.8373648275,31630.8880647143,FALSE
1,196703,"o","2020-01-07 19:51:00",27.0166666666667,TRUE,26.95,0.066666666666702,210.159887780477,0.875666199084855,3.15239831670548,4.07859121098517,-5383.61026392038,31756.9578353488,FALSE
1,196703,"p","2020-01-07 19:52:00",27.0333333333333,TRUE,27.0166666666667,0.0166666666665982,54.2355914916022,0.903926524863749,3.2541354895095,4.00115147873091,-5338.42164781936,31787.3594735882,FALSE
1,196703,"p","2020-01-07 19:57:00",27.1166666666667,TRUE,27.0333333333333,0.0833333333333997,275.748865840324,0.919162886133682,3.30898639008126,3.92603876658994,-5107.35080720596,31939.958102566,FALSE
1,196703,"p","2020-01-07 20:02:00",27.2,TRUE,27.1166666666667,0.0833333333333002,283.145179458061,0.943817264860578,3.39774215349808,3.85438590729592,-4868.12231178964,32093.6526980636,FALSE
1,196703,"p","2020-01-07 20:07:00",27.2833333333333,TRUE,27.2,0.0833333333333002,290.388735929312,0.967962453098091,3.48466483115313,3.78635793758772,-4621.06294267427,32248.5942124304,FALSE
1,196703,"p","2020-01-07 20:12:00",27.3666666666667,TRUE,27.2833333333333,0.0833333333333997,297.651162424832,0.992170541415318,3.57181394909515,3.7222074019478,-4366.30166383437,32404.9650966628,FALSE
1,196703,"p","2020-01-07 20:17:00",27.45,TRUE,27.3666666666667,0.0833333333333002,305.108380139528,1.01702793379883,3.66130056167579,3.66228188726543,-4103.77287989907,32562.9839093687,FALSE
1,196703,"p","2020-01-07 20:22:00",27.5333333333333,TRUE,27.45,0.0833333333333002,312.943900625517,1.0431463354188,3.7553268075077,3.60703352252003,-3833.21477913419,32722.910837724,FALSE
1,196703,"p","2020-01-07 20:27:00",27.6166666666667,TRUE,27.5333333333333,0.0833333333333997,321.352723878973,1.07117574626239,3.85623268654461,3.55703079331472,-3554.16271976963,32885.0542702007,FALSE
1,196703,"p","2020-01-07 20:32:00",27.7,TRUE,27.6166666666667,0.0833333333333002,330.545793233362,1.10181931077831,3.96654951880192,3.51297301637053,-3265.93749259678,33049.7785867586,FALSE
1,196703,"p","2020-01-07 20:37:00",27.7833333333333,TRUE,27.7,0.0833333333333002,340.755029498653,1.13585009832929,4.08906035398546,3.47570783054747,-2967.62816334281,33217.5133635684,FALSE
1,196703,"p","2020-01-07 20:42:00",27.8666666666667,TRUE,27.7833333333333,0.0833333333333997,352.239012576155,1.17413004191958,4.2268681509105,3.44625207325969,-2658.06906139323,33388.7642245684,FALSE
1,196703,"p","2020-01-07 20:47:00",27.95,TRUE,27.8666666666667,0.0833333333333002,365.289414031425,1.21763138010523,4.38347296837884,3.42581640445855,-2335.81033357353,33564.1256141394,FALSE
1,196703,"p","2020-01-07 20:52:00",28.0333333333333,TRUE,27.95,0.0833333333333002,380.249103636139,1.26749701212097,4.56298924363548,3.41584033067373,-1999.07063480352,33744.298823707,FALSE
1,196703,"p","2020-01-07 20:57:00",28.1166666666667,TRUE,28.0333333333333,0.0833333333333997,427.795058301229,1.42598352766963,5.13354069961066,3.4357877121301,-1615.79784544815,33938.5321527925,FALSE
1,196703,"p","2020-01-07 21:02:00",28.2,TRUE,28.1166666666667,0.0833333333333002,440.64718666401,1.46882395554728,5.28776623997022,3.46566350020699,-1220.3900371571,34137.3761511428,FALSE
1,196703,"p","2020-01-07 21:07:00",28.2833333333333,TRUE,28.2,0.0833333333333002,449.373343566779,1.49791114522319,5.39248012280349,3.50350447720956,-817.033768547286,34339.9232953037,FALSE
1,196703,"p","2020-01-07 21:12:00",28.3666666666667,TRUE,28.2833333333333,0.0833333333333997,454.202823309345,1.51400941102994,5.4504338797078,3.54755443147428,-409.704126388694,34545.3626178779,FALSE
1,196703,"p","2020-01-07 21:17:00",28.45,TRUE,28.3666666666667,0.0833333333333002,455.263268758525,1.51754422919569,5.46315922510447,3.59621411056048,-2.27582533792085,34752.9562113319,FALSE
1,196703,"p","2020-01-07 21:22:00",28.5333333333333,TRUE,28.45,0.0833333333333002,452.595374072821,1.50865124691,5.43114448887601,3.64800112680989,401.378912188776,34962.0205875276,FALSE
1,196703,"o","2020-01-07 21:25:00",28.5833333333333,TRUE,28.5333333333333,0.0500000000000007,268.713165242308,1.4928509180128,5.37426330484609,3.70207903112984,640.120408994085,35087.8892630905,FALSE
1,196703,"p","2020-01-07 21:27:00",28.6166666666667,TRUE,28.5833333333333,0.0333333333333989,177.936940803951,1.48280784003,5.33810822410801,3.75896324723157,801.374425251604,35164.96333329,FALSE
1,196703,"o","2020-01-07 21:30:00",28.6666666666667,TRUE,28.6166666666667,0.0500000000000007,263.60715906533,1.46448421702959,5.27214318130653,3.81630631689216,1039.27570999744,35281.1879920902,FALSE
1,196703,"p","2020-01-07 21:32:00",28.7,TRUE,28.6666666666667,0.0333333333332995,178.543071736441,1.48785893113852,5.35629215209867,3.8818401876044,1183.20969879842,35388.0678288431,FALSE
1,196703,"p","2020-01-07 21:37:00",28.7833333333333,TRUE,28.7,0.0833333333333002,435.170745042009,1.45056915014061,5.22204894050619,3.94638786588796,1531.01787061918,35652.5584341911,FALSE
1,196703,"p","2020-01-07 21:42:00",28.8666666666667,TRUE,28.7833333333333,0.0833333333333997,412.401002208928,1.374670007362,4.9488120265032,4.00572497675403,1861.01736598981,35902.6980239595,FALSE
1,196703,"p","2020-01-07 21:47:00",28.95,TRUE,28.8666666666667,0.0833333333333002,380.775667187103,1.26925222395752,4.56930800624706,4.05626815977711,2171.99513448103,36125.1543962662,FALSE
1,196703,"p","2020-01-07 21:52:00",29.0333333333333,TRUE,28.95,0.0833333333333002,340.486007522331,1.13495335840822,4.08583209026959,4.09456397639495,2462.25761435111,36305.8960384256,FALSE
1,196703,"p","2020-01-07 21:57:00",29.1166666666667,TRUE,29.0333333333333,0.0833333333333997,293.357394527051,0.97785798175606,3.52028873432182,4.11781564699545,2729.58795117525,36429.8376743543,FALSE
1,196703,"p","2020-01-07 22:02:00",29.2,TRUE,29.1166666666667,0.0833333333333002,245.689606166552,0.818965353888834,2.9482752739998,4.12535802385794,2971.1899974805,36480.4591926434,FALSE
1,196703,"p","2020-01-07 22:07:00",29.2833333333333,TRUE,29.2,0.0833333333333002,215.343225292763,0.717810750976164,2.58411870351419,4.12249584874421,3183.61767875501,36439.3883290344,FALSE
1,196703,"o","2020-01-07 22:08:00",29.3,TRUE,29.2833333333333,0.0166666666667012,43.823500201816,0.730391670028751,2.6294100121035,4.12013543679982,3222.18653412745,36418.1824311685,FALSE
1,196703,"p","2020-01-07 22:12:00",29.3666666666667,TRUE,29.3,0.0666666666666984,618.16880021831,2.57570333424173,9.27253200327024,4.30107034783641,3222.29598678853,35798.2399447433,FALSE
1,196703,"p","2020-01-07 22:17:00",29.45,TRUE,29.3666666666667,0.0833333333333002,786.686828949945,2.62228942983419,9.44024194740309,4.48492133166053,3219.17073039866,35009.3012448474,FALSE
1,196703,"o","2020-01-07 22:18:00",29.4666666666667,TRUE,29.45,0.0166666666667012,149.605544931492,2.49342574885303,8.97633269587091,4.65118259372034,3221.04639075982,34859.2778517684,FALSE
1,196703,"p","2020-01-07 22:22:00",29.5333333333333,TRUE,29.4666666666667,0.0666666666665989,257.467586345468,1.07278160977387,3.86201379518595,4.67305797691973,3471.53028225656,34923.845342138,FALSE
1,196703,"p","2020-01-07 22:27:00",29.6166666666667,TRUE,29.5333333333333,0.0833333333333997,351.945842784692,1.17315280928137,4.22335011341294,4.70280663793938,3795.07036277984,35066.3264138383,FALSE
1,196703,"o","2020-01-07 22:29:00",29.65,TRUE,29.6166666666667,0.0333333333332995,141.594839857867,1.17995699881676,4.24784519574032,4.73040968533468,3921.72603759289,35131.0114028496,FALSE
1,196703,"p","2020-01-07 22:32:00",29.7,TRUE,29.65,0.0500000000000007,96.4529723063151,0.535849846146188,1.92905944612628,4.69207838133594,4007.33672790794,35085.6725987825,FALSE
1,196703,"p","2020-01-07 22:37:00",29.7833333333333,TRUE,29.7,0.0833333333333002,148.218532878988,0.49406177626349,1.77862239454856,4.64710283247623,4132.47820253556,35005.0823627415,FALSE
1,196703,"p","2020-01-07 22:42:00",29.8666666666667,TRUE,29.7833333333333,0.0833333333333997,139.656867108373,0.465522890360873,1.67588240529914,4.59685887620251,4241.57907640565,34916.9977086409,FALSE
1,196703,"p","2020-01-07 22:47:00",29.95,TRUE,29.8666666666667,0.0833333333333002,138.571260117683,0.461904200392462,1.66285512141286,4.54383224210022,4340.94705096127,34819.6511238314,FALSE
1,196703,"p","2020-01-07 22:52:00",30.0333333333333,TRUE,29.95,0.0833333333333002,144.219344187025,0.480731147290274,1.73063213024499,4.49020256344936,4436.64396310071,34711.0411283183,FALSE
1,196703,"p","2020-01-07 22:57:00",30.1166666666667,TRUE,30.0333333333333,0.0833333333333997,156.04159252306,0.520138641743119,1.87249911027523,4.4379017940818,4534.63891434571,34588.8817150191,FALSE
1,196703,"p","2020-01-07 23:02:00",30.2,TRUE,30.1166666666667,0.0833333333333002,173.850024903867,0.57950008301312,2.08620029884723,4.38873422775687,4640.95905740234,34450.5446025504,FALSE
1,196703,"p","2020-01-07 23:07:00",30.2833333333333,TRUE,30.2,0.0833333333333002,197.873211262414,0.659577370874977,2.37447853514992,4.34451003376653,4761.8418491657,34292.9928417424,FALSE
1,196703,"o","2020-01-07 23:08:00",30.3,TRUE,30.2833333333333,0.0166666666667012,43.0346549852324,0.717244249752384,2.58207929910858,4.30264944890884,4788.32728222795,34258.8775433093,FALSE
1,196703,"o","2020-01-07 23:10:00",30.3333333333333,TRUE,30.3,0.0333333333332995,81.2249445105171,0.67687453758833,2.43674833531799,4.25292389847572,4830.70283274403,34189.2595376527,FALSE
1,196703,"p","2020-01-07 23:12:00",30.3666666666667,TRUE,30.3333333333333,0.0333333333333989,132.676379175557,1.10563649312746,3.98029137525886,4.24172440977794,4926.76787545341,34097.0031311947,FALSE
1,196703,"p","2020-01-07 23:17:00",30.45,TRUE,30.3666666666667,0.0833333333333002,352.924647423918,1.17641549141353,4.2350957690887,4.2326162577072,5181.50558031763,33850.770759893,FALSE
1,196703,"p","2020-01-07 23:22:00",30.5333333333333,TRUE,30.45,0.0833333333333002,373.25796873418,1.24419322911443,4.47909562481194,4.21443722785168,5446.90722978911,33586.2793003538,FALSE
1,196703,"p","2020-01-07 23:27:00",30.6166666666667,TRUE,30.5333333333333,0.0833333333333997,381.898600400682,1.27299533466793,4.58278320480454,4.19485436576374,5710.66254806977,33308.0953879045,FALSE
1,196703,"p","2020-01-07 23:32:00",30.7,TRUE,30.6166666666667,0.0833333333333002,379.546432253947,1.26515477418033,4.55455718704918,4.17157872865946,5960.41967108974,33020.4397702885,FALSE
1,196703,"p","2020-01-07 23:37:00",30.7833333333333,TRUE,30.7,0.0833333333333002,367.042894882671,1.22347631627606,4.4045147385938,4.14252541918407,6183.47312381557,32727.2939288149,FALSE
1,196703,"p","2020-01-07 23:42:00",30.8666666666667,TRUE,30.7833333333333,0.0833333333333997,345.775707352288,1.15258569117337,4.14930848822415,4.10602956538184,6366.43269286554,32432.4993502849,FALSE
1,196703,"p","2020-01-07 23:47:00",30.95,TRUE,30.8666666666667,0.0833333333333002,311.755046644242,1.03918348881455,3.74106055973239,4.05908278957229,6466.42421982434,32136.2035115393,FALSE
1,196703,"o","2020-01-07 23:51:00",31.0166666666667,TRUE,30.95,0.066666666666702,234.221003065373,0.975920846105206,3.51331504597874,4.00738978238153,6501.13951142595,31903.878331057,FALSE
1,196703,"p","2020-01-07 23:52:00",31.0333333333333,TRUE,31.0166666666667,0.0166666666665982,58.0371429214903,0.967285715362144,3.48222857530372,3.95583756991474,6500.06010198181,31845.6842723448,FALSE
1,196703,"o","2020-01-07 23:53:00",31.05,TRUE,31.0333333333333,0.0166666666667012,57.6792077340412,0.961320128898692,3.46075246403529,3.90552116110165,6495.98708327544,31787.9822455072,FALSE
1,196703,"p","2020-01-07 23:57:00",31.1166666666667,TRUE,31.05,0.0666666666666984,250.888076236165,1.04536698431686,3.76332114354068,3.86127196641949,6332.57643328453,31596.3938461075,FALSE
1,196703,"p","2020-01-08 00:02:00",31.2,TRUE,31.1166666666667,0.0833333333333002,340.817200993161,1.13605733664432,4.08980641191956,3.82982078506986,6079.2996290489,31366.3480883092,FALSE
1,196703,"p","2020-01-08 00:07:00",31.2833333333333,TRUE,31.2,0.0833333333333002,361.056284880257,1.20352094960134,4.33267541856481,3.81270587929379,5792.97085791501,31143.9938993341,FALSE
1,196703,"p","2020-01-08 00:12:00",31.3666666666667,TRUE,31.2833333333333,0.0833333333333997,366.794913891239,1.22264971296982,4.40153896669137,3.80804562819502,5495.71687148242,30926.528920089,FALSE
1,196703,"p","2020-01-08 00:17:00",31.45,TRUE,31.3666666666667,0.0833333333333002,299.943182521084,0.99981060840401,3.59931819025444,3.7945313531946,5315.4386969962,30685.4730012745,FALSE
1,196703,"p","2020-01-08 00:22:00",31.5333333333333,TRUE,31.45,0.0833333333333002,290.649524787659,0.968831749292582,3.48779429745329,3.79362872994826,5143.17529743733,30450.0958851183,FALSE
1,196703,"p","2020-01-08 00:27:00",31.6166666666667,TRUE,31.5333333333333,0.0833333333333997,280.056085729227,0.933520285763348,3.36067302874805,3.80508422313571,4976.21835798027,30224.0094696913,FALSE
1,196703,"p","2020-01-08 00:32:00",31.7,TRUE,31.6166666666667,0.0833333333333002,267.940301558816,0.893134338529742,3.21528361870707,3.82261658189106,4812.03150051392,30011.0511289526,FALSE
1,196703,"p","2020-01-08 00:37:00",31.7833333333333,TRUE,31.7,0.0833333333333002,254.29479853295,0.847649328443503,3.05153758239661,3.83434234773254,4648.14832247439,29815.3898675418,FALSE
1,196703,"p","2020-01-08 00:42:00",31.8666666666667,TRUE,31.7833333333333,0.0833333333333997,239.426353631565,0.798087845437916,2.8731162435765,3.65658079885216,4482.11009259835,29641.6316347644,FALSE
1,196703,"p","2020-01-08 00:47:00",31.95,TRUE,31.8666666666667,0.0833333333333002,224.186150147037,0.747287167157087,2.69023380176551,3.46908057258445,4311.40364046586,29494.9356763436,FALSE
1,196703,"o","2020-01-08 00:51:00",32.0166666666667,TRUE,31.95,0.066666666666702,169.301246374644,0.705421859893977,2.53951869561832,3.29028018368854,4169.70535917365,29400.9866410603,FALSE
1,196703,"p","2020-01-08 00:52:00",32.0333333333333,TRUE,32.0166666666667,0.0166666666666018,42.1420091248539,0.7023668187503,2.52852054750108,3.25323870458619,4127.84848811379,29394.592402443,FALSE
1,196703,"p","2020-01-08 00:57:00",32.1166666666667,TRUE,32.0333333333333,0.0833333333333997,213.385781945661,0.711285939818302,2.56062938334589,3.20705201763988,3913.7331396649,29383.372659778,FALSE
1,196703,"p","2020-01-08 01:02:00",32.2,TRUE,32.1166666666667,0.0833333333333002,219.407444112028,0.731358147040386,2.63288932934539,3.16219213246224,3693.98843882305,29401.0949127436,FALSE
1,196703,"p","2020-01-08 01:07:00",32.2833333333333,TRUE,32.2,0.0833333333333002,224.750705729866,0.749169019099853,2.69700846875947,3.18352404975761,3471.70560035328,29440.8870104818,FALSE
1,196703,"p","2020-01-08 01:12:00",32.3666666666667,TRUE,32.2833333333333,0.0833333333333997,227.576967122822,0.758589890408803,2.73092360547169,3.20997686117214,3249.91172266434,29496.4343125302,FALSE
1,196703,"p","2020-01-08 01:17:00",32.45,TRUE,32.3666666666667,0.0833333333333002,226.795835758873,0.755986119196545,2.72155002910756,3.23902318405571,3031.64625589105,29561.8201735049,FALSE
1,196703,"o","2020-01-08 01:21:00",32.5166666666667,TRUE,32.45,0.0666666666666984,178.025589539575,0.741773289747876,2.67038384309235,3.26701009299125,2861.65523853916,29617.4027141902,FALSE
1,196703,"p","2020-01-08 01:22:00",32.5333333333333,TRUE,32.5166666666667,0.0166666666666018,53.4577694765474,0.890962824612593,3.20746616860534,3.30803326072348,2810.43473476471,29633.5490341791,FALSE
1,196703,"p","2020-01-08 01:27:00",32.6166666666667,TRUE,32.5333333333333,0.0833333333333997,257.589508595329,0.858631695317081,3.09107410314149,3.34188256608088,2563.79678563133,29711.8898389105,FALSE
1,196703,"p","2020-01-08 01:32:00",32.7,TRUE,32.6166666666667,0.0833333333333002,229.38018366159,0.764600612205605,2.75256220394018,3.36039261900012,2343.73697641117,29780.2820899616,FALSE
1,196703,"p","2020-01-08 01:37:00",32.7833333333333,TRUE,32.7,0.0833333333333002,184.403251912142,0.614677506374052,2.21283902294659,3.35590263255003,2165.38450049571,29830.4083986576,FALSE
1,196703,"o","2020-01-08 01:40:00",32.8333333333333,TRUE,32.7833333333333,0.0499999999999972,81.8015173761554,0.454452874312001,1.6360303475232,3.32962349500599,2085.1161967678,29848.063515096,FALSE
1,196703,"p","2020-01-08 01:42:00",32.8666666666667,TRUE,32.8333333333333,0.0333333333334025,29.424763777523,0.245206364812183,0.882742913323859,3.28645667772838,2099.88802325691,29822.5010945871,FALSE
1,196703,"p","2020-01-08 01:47:00",32.95,TRUE,32.8666666666667,0.0833333333333002,114.804934109148,0.382683113697313,1.37765920931033,3.21416133978536,2179.29019601071,29738.9811101115,FALSE
1,196703,"p","2020-01-08 01:52:00",33.0333333333333,TRUE,32.95,0.0833333333333002,167.246749447767,0.557489164826113,2.00696099337401,3.15226870712662,2309.82779051318,29633.3502082741,FALSE
1,196703,"o","2020-01-08 01:55:00",33.0833333333333,TRUE,33.0333333333333,0.0499999999999972,120.911231492857,0.671729063849241,2.41822462985727,3.0950222906001,2408.21901051376,29562.2163398377,FALSE
1,196703,"p","2020-01-08 01:57:00",33.1166666666667,TRUE,33.0833333333333,0.0333333333334025,80.8299902787924,0.673583252321873,2.42489970835874,3.0350810823655,2477.68548583976,29520.2160009586,FALSE
1,196703,"p","2020-01-08 02:02:00",33.2,TRUE,33.1166666666667,0.0833333333333002,223.755852871881,0.745852842906568,2.68507023446364,2.98315088923812,2672.41107684504,29408.0448329574,FALSE
1,196703,"p","2020-01-08 02:07:00",33.2833333333333,TRUE,33.2,0.0833333333333002,249.41091535183,0.831369717839764,2.99293098422315,2.94394022939449,2891.69958561955,29286.9621659227,FALSE
1,196703,"p","2020-01-08 02:12:00",33.3666666666667,TRUE,33.2833333333333,0.0833333333333997,268.807119586771,0.896023731955191,3.22568543503869,2.91828403347267,3129.14617183487,29158.4757766262,FALSE
1,196703,"p","2020-01-08 02:17:00",33.45,TRUE,33.3666666666667,0.0833333333333002,282.382697152945,0.941275657176859,3.38859236583669,2.9084932503089,3378.8046896689,29023.9064150882,FALSE
1,196703,"p","2020-01-08 02:22:00",33.5333333333333,TRUE,33.45,0.0833333333333002,290.471334498659,0.96823778166258,3.48565601398529,2.90772494386464,3635.03748113106,28884.4211682349,FALSE
1,196703,"p","2020-01-08 02:27:00",33.6166666666667,TRUE,33.5333333333333,0.0833333333333997,293.297844796927,0.977659482655646,3.51957413756032,2.90876232059399,3892.37296215554,28741.0629419311,FALSE
1,196703,"p","2020-01-08 02:32:00",33.7,TRUE,33.6166666666667,0.0833333333333002,290.985460310161,0.96995153436759,3.49182552372332,2.90962546114088,4145.3674039198,28594.776806005,FALSE
1,196703,"p","2020-01-08 02:37:00",33.7833333333333,TRUE,33.7,0.0833333333333002,283.572316112907,0.945241053710065,3.40286779335623,2.8996128680802,4388.46741781565,28446.4338678002,FALSE
1,196703,"p","2020-01-08 02:42:00",33.8666666666667,TRUE,33.7833333333333,0.0833333333333997,271.043246911709,0.903477489704978,3.25251896293792,2.87635488338627,4615.86967028823,28296.8532774419,FALSE
1,196703,"p","2020-01-08 02:47:00",33.95,TRUE,33.8666666666667,0.0833333333333002,253.395282186676,0.844650940622591,3.04074338624133,2.84046788248839,4821.37428376885,28146.8229204567,FALSE
1,196703,"p","2020-01-08 02:52:00",34.0333333333333,TRUE,33.95,0.0833333333333002,230.784371547388,0.769281238491599,2.76941245856976,2.79513103504057,4998.22822043699,27997.1193207659,FALSE
1,196703,"o","2020-01-08 02:57:00",34.1166666666667,TRUE,34.0333333333333,0.0833333333333997,203.86534761726,0.67955115872366,2.44638417140518,2.76310509007254,5138.92982407892,27848.5265991536,FALSE
1,196703,"p","2020-01-08 03:02:00",34.2,TRUE,34.1166666666667,0.0833333333333002,150.418074072571,0.501393580242104,1.80501688887158,2.71636127316749,5165.45864576663,27700.0169083931,FALSE
1,196703,"p","2020-01-08 03:07:00",34.2833333333333,TRUE,34.2,0.0833333333333002,145.298058461711,0.484326861539229,1.74357670154122,2.67144193074508,5154.31275844155,27554.7254552684,FALSE
1,196703,"p","2020-01-08 03:12:00",34.3666666666667,TRUE,34.2833333333333,0.0833333333333997,146.639577473194,0.488798591576925,1.75967492967693,2.63100835604979,5111.43298531211,27414.0287129338,FALSE
1,196703,"p","2020-01-08 03:17:00",34.45,TRUE,34.3666666666667,0.0833333333333002,150.996967194904,0.503323223983215,1.81196360633957,2.59657574560377,5041.93364569103,27279.4185649457,FALSE
1,196703,"p","2020-01-08 03:22:00",34.5333333333333,TRUE,34.45,0.0833333333333002,155.981571266145,0.519938570887356,1.87177885519448,2.56876081814871,4950.25661716584,27152.5406494888,FALSE
1,196703,"p","2020-01-08 03:27:00",34.6166666666667,TRUE,34.5333333333333,0.0833333333333997,160.18827256982,0.533960908565642,1.92225927083631,2.54742819228957,4840.28354268061,27035.2359300349,FALSE
1,196703,"p","2020-01-08 03:32:00",34.7,TRUE,34.6166666666667,0.0833333333333002,162.900275846884,0.543000919489829,1.95480331016339,2.53118609824915,4715.43388542572,26929.5872003336,FALSE
1,196703,"o","2020-01-08 03:34:00",34.7333333333333,TRUE,34.7,0.0333333333332959,65.5503550311778,0.546252958593762,1.96651065093754,2.5155747122335,4662.02292507029,26891.1190553481,FALSE
1,196703,"p","2020-01-08 03:37:00",34.7833333333333,TRUE,34.7333333333333,0.0500000000000043,90.2595517187647,0.501441953993094,1.80519103437514,2.49459031365098,4581.75950503346,26848.9744363284,FALSE
1,196703,"p","2020-01-08 03:42:00",34.8666666666667,TRUE,34.7833333333333,0.0833333333333997,152.543528838876,0.508478429462515,1.83052234606505,2.47230234189319,4440.32978659708,26790.0015817159,FALSE
1,196703,"p","2020-01-08 03:47:00",34.95,TRUE,34.8666666666667,0.0833333333333002,155.980554519798,0.519935181732868,1.87176665423833,2.44937895815649,4290.47574958231,26744.1775617531,FALSE
1,196703,"p","2020-01-08 03:52:00",35.0333333333333,TRUE,34.95,0.0833333333333002,159.904350948376,0.533014503161464,1.91885221138127,2.42682141943176,4133.33631048816,26710.7343606511,FALSE
1,196703,"p","2020-01-08 03:57:00",35.1166666666667,TRUE,35.0333333333333,0.0833333333333997,164.097472934017,0.546991576446287,1.96916967520663,2.40592196515673,3969.86634794248,26689.2167167509,FALSE
1,196703,"o","2020-01-08 04:01:00",35.1833333333333,TRUE,35.1166666666667,0.0666666666665989,134.435234022556,0.560146808427887,2.01652851034039,2.38775931702473,3835.069615939,26680.4774644717,FALSE
1,196703,"p","2020-01-08 04:02:00",35.2,TRUE,35.1833333333333,0.0166666666667012,35.1111968052993,0.585186613420441,2.10667180831359,2.35718169590552,3799.79000914602,26680.5985748566,FALSE
1,196703,"p","2020-01-08 04:07:00",35.2833333333333,TRUE,35.2,0.0833333333333002,178.201862202534,0.594006207342016,2.13842234643126,2.33071914710801,3620.88807088165,26688.05101403,FALSE
1,196703,"p","2020-01-08 04:12:00",35.3666666666667,TRUE,35.2833333333333,0.0833333333333997,181.838938350559,0.606129794501382,2.18206726020497,2.31487206533759,3439.09564041389,26706.3267942124,FALSE
1,196703,"p","2020-01-08 04:17:00",35.45,TRUE,35.3666666666667,0.0833333333333002,184.34197302924,0.614473243431045,2.21210367635176,2.31485163904329,3256.08804908784,26734.8622468675,FALSE
1,196703,"p","2020-01-08 04:22:00",35.5333333333333,TRUE,35.45,0.0833333333333002,185.714479791223,0.61904826597099,2.22857375749556,2.33131117820919,3073.50993184898,26773.3528748619,FALSE
1,196703,"p","2020-01-08 04:27:00",35.6166666666667,TRUE,35.5333333333333,0.0833333333333997,185.998619102629,0.619995397008271,2.23198342922977,2.36879008142879,2893.01677266625,26821.7456606086,FALSE
1,196703,"p","2020-01-08 04:32:00",35.7,TRUE,35.6166666666667,0.0833333333333002,185.274909721394,0.617583032404891,2.22329891665761,2.39228007329955,2716.31672401418,26880.2377267441,FALSE
1,196703,"p","2020-01-08 04:37:00",35.7833333333333,TRUE,35.7,0.0833333333333002,183.675371574515,0.612251238581961,2.20410445889506,2.39775628067514,2545.21375682429,26949.2813156247,FALSE
1,196703,"o","2020-01-08 04:39:00",35.8166666666667,TRUE,35.7833333333333,0.0333333333333954,72.8751656839449,0.607293047365077,2.18625497051428,2.39131267902672,2478.7751639253,26980.009566608,FALSE
1,196703,"p","2020-01-08 04:42:00",35.8666666666667,TRUE,35.8166666666667,0.0500000000000043,104.493780445442,0.580521002474628,2.08987560890866,2.382006454042,2391.12981514849,27037.7125245745,FALSE
1,196703,"p","2020-01-08 04:47:00",35.95,TRUE,35.8666666666667,0.0833333333333002,174.031038891657,0.580103462972419,2.08837246670071,2.36543151604858,2250.92296549906,27142.0140413019,FALSE
1,196703,"p","2020-01-08 04:52:00",36.0333333333333,TRUE,35.95,0.0833333333333002,174.50275209983,0.581675840332998,2.09403302519879,2.34046212829791,2116.94269542617,27254.9072946915,FALSE
1,196703,"p","2020-01-08 04:57:00",36.1166666666667,TRUE,36.0333333333333,0.0833333333333997,175.327448549163,0.584424828496746,2.10392938258829,2.30930223795206,1988.06151889543,27374.7834177847,FALSE
1,196703,"p","2020-01-08 05:02:00",36.2,TRUE,36.1166666666667,0.0833333333333002,176.247654657973,0.587492182193478,2.11497185589652,2.27392389045372,1863.28075900491,27500.2099391876,FALSE
1,196703,"p","2020-01-08 05:07:00",36.2833333333333,TRUE,36.2,0.0833333333333002,177.09090771203,0.590303025707003,2.12509089254521,2.23613041485816,1741.70532022426,27629.8945971201,FALSE
1,196703,"p","2020-01-08 05:12:00",36.3666666666667,TRUE,36.2833333333333,0.0833333333333997,177.744087191311,0.592480290637233,2.13292904629404,2.19761249565632,1622.52107722527,27762.6526953857,FALSE
1,196703,"p","2020-01-08 05:17:00",36.45,TRUE,36.3666666666667,0.0833333333333002,178.13473197496,0.593782439916768,2.13761678370037,2.15999558621124,1504.97430911185,27897.3771765019,FALSE
1,196703,"p","2020-01-08 05:22:00",36.5333333333333,TRUE,36.45,0.0833333333333002,178.218326872201,0.594061089574241,2.13861992246727,2.12487758979766,1388.35265953958,28033.0106561644,FALSE
1,196703,"p","2020-01-08 05:27:00",36.6166666666667,TRUE,36.5333333333333,0.0833333333333997,177.970436674483,0.593234788914472,2.1356452400921,2.09385331971861,1271.96714175261,28168.5187124214,FALSE
1,196703,"p","2020-01-08 05:32:00",36.7,TRUE,36.6166666666667,0.0833333333333002,177.38284994776,0.591276166492769,2.12859419937397,2.06851584230563,1155.13473396271,28302.8637549884,FALSE
1,196703,"p","2020-01-08 05:37:00",36.7833333333333,TRUE,36.7,0.0833333333333002,176.463312911304,0.588211043037913,2.11755975493649,2.05040882276026,1037.16112541254,28434.9788144961,FALSE
1,196703,"p","2020-01-08 05:42:00",36.8666666666667,TRUE,36.7833333333333,0.0833333333333997,175.238896423661,0.584129654745073,2.10286675708226,2.0408666723624,917.323177263373,28563.7405895467,FALSE
1,196703,"p","2020-01-08 05:47:00",36.95,TRUE,36.8666666666667,0.0833333333333002,173.763527956898,0.579211759856557,2.08516233548361,2.04864849032384,794.850655254344,28687.941070812,FALSE
1,196703,"p","2020-01-08 05:52:00",37.0333333333333,TRUE,36.95,0.0833333333333002,172.130724693269,0.573769082311125,2.06556869632005,2.05759271240103,668.906772673749,28806.2570252977,FALSE
1,196703,"p","2020-01-08 05:57:00",37.1166666666667,TRUE,37.0333333333333,0.0833333333333997,170.493007298457,0.568310024327736,2.04591608757985,2.06554385567612,538.567052137356,28917.2165699099,FALSE
1,196703,"p","2020-01-08 06:02:00",37.2,TRUE,37.1166666666667,0.0833333333333002,169.089599541918,0.563631998473284,2.02907519450382,2.07157473312512,402.795972196697,29019.1619899367,FALSE
1,196703,"p","2020-01-08 06:07:00",37.2833333333333,TRUE,37.2,0.0833333333333002,168.283197275126,0.560943990917311,2.01939836730232,2.07567527512812,260.420808843069,29110.2078632042,FALSE
1,196703,"p","2020-01-08 06:12:00",37.3666666666667,TRUE,37.2833333333333,0.0833333333333997,168.603635902633,0.562012119674995,2.02324363082998,2.07848039623905,110.102011111788,29188.1934321361,FALSE
1,196703,"p","2020-01-08 06:17:00",37.45,TRUE,37.3666666666667,0.0833333333333002,170.789776179677,0.569299253932485,2.04947731415695,2.08111022968332,-49.7006375585527,29250.6280204082,FALSE
1,196703,"p","2020-01-08 06:22:00",37.5333333333333,TRUE,37.45,0.0833333333333002,175.811237868195,0.586037459560883,2.10973485441918,2.08508867978003,-220.766927016765,29294.6281155054,FALSE
1,196703,"o","2020-01-08 06:25:00",37.5833333333333,TRUE,37.5333333333333,0.0499999999999972,109.568756784432,0.608715315469102,2.19137513568877,2.09581601592763,-329.662912158964,29310.8000039238,FALSE
1,196703,"p","2020-01-08 06:27:00",37.6166666666667,TRUE,37.5833333333333,0.0333333333334025,80.1050224068129,0.667541853388722,2.4031506721994,2.11172235832025,-410.080068421916,29307.3917207071,FALSE
1,196703,"p","2020-01-08 06:32:00",37.7,TRUE,37.6166666666667,0.0833333333333002,211.694969002839,0.705649896676412,2.54033962803508,2.13029382981461,-621.32949519435,29282.5433408323,FALSE
1,196703,"p","2020-01-08 06:37:00",37.7833333333333,TRUE,37.7,0.0833333333333002,229.704660055973,0.765682200186882,2.75645592067277,2.15356059951715,-847.172870355817,29235.0224171494,FALSE
1,196703,"p","2020-01-08 06:42:00",37.8666666666667,TRUE,37.7833333333333,0.0833333333333997,249.565880119684,0.83188626706495,2.99479056143382,2.18205006857901,-1087.95919972401,29165.1233899466,FALSE
1,196703,"p","2020-01-08 06:47:00",37.95,TRUE,37.8666666666667,0.0833333333333002,271.400951683117,0.904669838944084,3.2568114201987,2.21650237163063,-1344.41496580828,29072.5754021669,FALSE
1,196703,"p","2020-01-08 06:52:00",38.0333333333333,TRUE,37.95,0.0833333333333002,295.533945809774,0.985113152699639,3.5464073497187,2.25649502555855,-1617.66247961683,28956.5354572314,FALSE
1,196703,"p","2020-01-08 06:57:00",38.1166666666667,TRUE,38.0333333333333,0.0833333333333997,322.44317500963,1.07481058336458,3.86931810011248,2.30457546316081,-1909.24823155865,28815.5671239291,FALSE
1,196703,"p","2020-01-08 07:02:00",38.2,TRUE,38.1166666666667,0.0833333333333002,352.738501982873,1.17579500661004,4.23286202379616,2.36154198437168,-2221.18195762158,28647.6042505112,FALSE
1,196703,"p","2020-01-08 07:07:00",38.2833333333333,TRUE,38.2,0.0833333333333002,387.154846909692,1.29051615636615,4.64585816291815,2.42914627566519,-2555.98740767815,28449.8987711896,FALSE
1,196703,"p","2020-01-08 07:12:00",38.3666666666667,TRUE,38.2833333333333,0.0833333333333997,426.556623694829,1.42185541231497,5.11867948433388,2.50942699029958,-2916.76609839172,28218.9512868383,FALSE
1,196703,"o","2020-01-08 07:16:00",38.4333333333333,TRUE,38.3666666666667,0.0666666666665989,373.632405963987,1.55680169151819,5.6044860894655,2.60310761975058,-3226.605923006,28007.3548081783,FALSE
1,196703,"p","2020-01-08 07:17:00",38.45,TRUE,38.4333333333333,0.0166666666667012,112.11325756283,1.86855429270996,6.72679545375586,2.72820474578108,-3316.22440378719,27939.2287640025,FALSE
1,196703,"p","2020-01-08 07:22:00",38.5333333333333,TRUE,38.45,0.0833333333333002,589.335134888394,1.96445044962876,7.07202161866354,2.86342466688576,-3782.89178465853,27575.3953332391,FALSE
1,196703,"p","2020-01-08 07:27:00",38.6166666666667,TRUE,38.5333333333333,0.0833333333333997,631.793203888163,2.1059773462922,7.58151844665192,3.01329309677848,-4276.98704200695,27177.563315153,FALSE
1,196703,"p","2020-01-08 07:32:00",38.7,TRUE,38.6166666666667,0.0833333333333002,667.755707023589,2.22585235674618,8.01306848428626,3.17782623220563,-4794.4103540413,26751.2193638455,FALSE
1,196703,"p","2020-01-08 07:37:00",38.7833333333333,TRUE,38.7,0.0833333333333002,698.061840088397,2.32687280029558,8.37674208106409,3.35250316593795,-5331.65119321472,26301.1298882999,FALSE
1,196703,"p","2020-01-08 07:42:00",38.8666666666667,TRUE,38.7833333333333,0.0833333333333997,723.436964109046,2.41145654702823,8.68124356930164,3.53548123660747,-5885.69964614694,25831.4614574323,FALSE
1,196703,"p","2020-01-08 07:47:00",38.95,TRUE,38.8666666666667,0.0833333333333002,744.49823864078,2.48166079547025,8.93397886369291,3.72520483330482,-6453.97037965464,25345.8860526648,FALSE
1,196703,"p","2020-01-08 07:52:00",39.0333333333333,TRUE,38.95,0.0833333333333002,761.763695961309,2.53921231987204,9.14116435153935,3.92037684707268,-7034.23733217758,24847.6738263777,FALSE
1,196703,"p","2020-01-08 07:57:00",39.1166666666667,TRUE,39.0333333333333,0.0833333333333997,775.661869157617,2.58553956385666,9.30794242988399,4.11990050088764,-7624.57748083206,24339.7757099561,FALSE
1,196703,"p","2020-01-08 08:02:00",39.2,TRUE,39.1166666666667,0.0833333333333002,786.540804765445,2.62180268255253,9.43848965718909,4.32283274007917,-8223.32226357912,23824.8979577187,FALSE
1,196703,"p","2020-01-08 08:07:00",39.2833333333333,TRUE,39.2,0.0833333333333002,794.676019538761,2.64892006513026,9.53611223446892,4.52834650260052,-8829.01542937401,23305.5705101445,FALSE
1,196703,"p","2020-01-08 08:12:00",39.3666666666667,TRUE,39.2833333333333,0.0833333333333997,800.277291514895,2.66759097171419,9.60332749817109,4.73569949081452,-9440.37625154352,22784.2109031386,FALSE
1,196703,"p","2020-01-08 08:17:00",39.45,TRUE,39.3666666666667,0.0833333333333002,803.494339622126,2.67831446540815,9.64193207546935,4.94420745846389,-10056.2671751156,22263.1853378602,FALSE
1,196703,"p","2020-01-08 08:22:00",39.5333333333333,TRUE,39.45,0.0833333333333002,804.421543748442,2.68140514582921,9.65305852498514,5.15322035639753,-10675.6650808362,21744.8684537464,FALSE
1,196703,"p","2020-01-08 08:27:00",39.6166666666667,TRUE,39.5333333333333,0.0833333333333997,803.101940980822,2.67700646993394,9.63722329176219,5.36209989908713,-11297.6354399666,21231.7033147471,FALSE
1,196703,"p","2020-01-08 08:32:00",39.7,TRUE,39.6166666666667,0.0833333333333002,799.53083655426,2.66510278851526,9.59437003865494,5.57019721246415,-11921.3087069836,20726.2631239601,FALSE
1,196703,"p","2020-01-08 08:37:00",39.7833333333333,TRUE,39.7,0.0833333333333002,793.659524604303,2.64553174868206,9.52391429525543,5.7768292113467,-12545.8583538289,20231.3162258159,FALSE
1,196703,"p","2020-01-08 08:42:00",39.8666666666667,TRUE,39.7833333333333,0.0833333333333997,785.399868851896,2.61799956283757,9.42479842621526,5.98125225939935,-13170.4799908366,19749.8960377407,FALSE
1,196703,"p","2020-01-08 08:47:00",39.95,TRUE,39.8666666666667,0.0833333333333002,774.630919352909,2.58210306451072,9.2955710322386,6.18263156341765,-13794.3710468973,19285.3776778299,FALSE
1,196703,"p","2020-01-08 08:52:00",40.0333333333333,TRUE,39.95,0.0833333333333002,761.209460889022,2.53736486963108,9.1345135306719,6.38000485053343,-14416.7104955619,18841.5632243522,FALSE
1,196703,"p","2020-01-08 08:57:00",40.1166666666667,TRUE,40.0333333333333,0.0833333333333997,744.987615465053,2.4832920515482,8.93985138557352,6.57223965659651,-15036.638114945,18422.7777607359,FALSE
1,196703,"p","2020-01-08 09:02:00",40.2,TRUE,40.1166666666667,0.0833333333333002,725.842731630851,2.4194757721038,8.71011277957367,6.7579860218394,-15653.2327575013,18033.9786322737,FALSE
1,196703,"p","2020-01-08 09:07:00",40.2833333333333,TRUE,40.2,0.0833333333333002,703.728438875377,2.34576146291886,8.44474126650788,6.93563224273803,-16265.4890807502,17680.8806745444,FALSE
1,196703,"p","2020-01-08 09:12:00",40.3666666666667,TRUE,40.2833333333333,0.0833333333333997,678.76199612513,2.26253998708197,8.14514395349508,7.10328249549014,-16872.2921511361,17370.1005769266,FALSE
1,196703,"p","2020-01-08 09:17:00",40.45,TRUE,40.3666666666667,0.0833333333333002,651.373409832325,2.17124469944195,7.81648091799101,7.25953543388743,-17472.3892794877,17109.3240279575,FALSE
1,196703,"p","2020-01-08 09:22:00",40.5333333333333,TRUE,40.45,0.0833333333333002,622.557186418847,2.07519062139698,7.47068623702914,7.40030031068825,-18064.3583766095,16907.4998649547,FALSE
1,196703,"p","2020-01-08 09:27:00",40.6166666666667,TRUE,40.5333333333333,0.0833333333333997,594.283430673155,1.98094476890894,7.13140116807218,7.5278297979115,-18646.5720296268,16775.0661322006,FALSE
1,196703,"p","2020-01-08 09:32:00",40.7,TRUE,40.6166666666667,0.0833333333333002,570.113614426662,1.9003787147563,6.84136337312266,7.64129944936844,-19217.156391612,16724.2137582912,FALSE
1,196703,"p","2020-01-08 09:37:00",40.7833333333333,TRUE,40.7,0.0833333333333002,555.942594409792,1.85314198136671,6.67131113292016,7.74342502079862,-19773.943179229,16769.2710166361,FALSE
1,196703,"p","2020-01-08 09:42:00",40.8666666666667,TRUE,40.7833333333333,0.0833333333333997,651.772224782555,2.17257408260679,7.82126669738443,7.87021544516489,-20312.5493177895,17141.1179468605,FALSE
1,196703,"p","2020-01-08 09:47:00",40.95,TRUE,40.8666666666667,0.0833333333333002,687.129274602629,2.29043091534301,8.24555129523483,8.00074722142923,-20832.3527130573,17594.6686039115,FALSE
1,196703,"p","2020-01-08 09:52:00",41.0333333333333,TRUE,40.95,0.0833333333333002,707.535224468949,2.35845074823077,8.49042269363077,8.12911123791585,-21330.3900429591,18101.029951022,FALSE
1,196703,"o","2020-01-08 09:53:00",41.05,TRUE,41.0333333333333,0.0166666666666941,142.319043553252,2.37198405921695,8.53914261318101,8.24873014317654,-21427.0831262604,18206.1859205472,FALSE
1,196703,"p","2020-01-08 09:57:00",41.1166666666667,TRUE,41.05,0.0666666666667055,527.98260101415,2.19992750422434,7.91973901520763,8.33967127796236,-21794.3613875143,18588.2803954685,FALSE
1,196703,"p","2020-01-08 10:02:00",41.2,TRUE,41.1166666666667,0.0833333333333002,648.367803786161,2.1612260126214,7.78041364543703,8.413608337993,-22228.6863556553,19072.9337103373,FALSE
1,196703,"o","2020-01-08 10:05:00",41.25,TRUE,41.2,0.0499999999999972,378.647906469402,2.10359948038569,7.57295812938847,8.46828811687975,-22475.1932975986,19362.1877430183,FALSE
1,196703,"p","2020-01-08 10:07:00",41.2833333333333,TRUE,41.25,0.033333333333303,224.4041744606,1.87003478717337,6.73212523382412,8.46843616632609,-22623.8629211127,19531.3902572578,FALSE
2,196703,"p","2020-01-09 19:22:00",74.5333333333333,TRUE,74.45,0.0833333333333002,274.533281089608,0.915110936965723,3.2943993730766,1.60293521836431,-10356.0387259307,36853.6311648169,TRUE
2,196703,"p","2020-01-09 19:27:00",74.6166666666667,TRUE,74.5333333333333,0.0833333333333997,274.587468300074,0.915291560999518,3.29504961959827,1.67848256972074,-10246.7924771228,37106.5008650013,FALSE
2,196703,"p","2020-01-09 19:32:00",74.7,TRUE,74.6166666666667,0.0833333333333002,273.803054373544,0.912676847912175,3.28563665248383,1.75361893606921,-10132.6084695391,37356.3236052767,FALSE
2,196703,"p","2020-01-09 19:37:00",74.7833333333333,TRUE,74.7,0.0833333333333002,272.231667851352,0.9074388928382,3.26678001421752,1.82805517781624,-10012.7859687194,37601.7498178661,FALSE
2,196703,"p","2020-01-09 19:42:00",74.8666666666667,TRUE,74.7833333333333,0.0833333333333997,269.93657558337,0.899788585277185,3.23923890699787,1.90151827162315,-9886.48180519781,37841.3188735222,FALSE
2,196703,"p","2020-01-09 19:47:00",74.95,TRUE,74.8666666666667,0.0833333333333002,267.008811698385,0.890029372328305,3.2041057403819,1.97375960289651,-9752.68907504499,38073.4221842702,FALSE
2,196703,"p","2020-01-09 19:52:00",75.0333333333333,TRUE,74.95,0.0833333333333002,263.590849074023,0.878636163580427,3.16309018888954,2.0445709563894,-9610.21170428387,38296.2625686064,FALSE
2,196703,"p","2020-01-09 19:57:00",75.1166666666667,TRUE,75.0333333333333,0.0833333333333997,259.911255364744,0.866370851215123,3.11893506437444,2.11381182976279,-9457.63423464747,38507.8088525277,FALSE
2,196703,"o","2020-01-09 20:00:00",75.1666666666667,TRUE,75.1166666666667,0.0499999999999972,154.225199119117,0.856806661772923,3.08450398238252,2.18168891140436,-9360.55007981942,38628.3619216777,FALSE
2,196703,"p","2020-01-09 20:02:00",75.2,TRUE,75.1666666666667,0.033333333333303,104.373195957441,0.869776632979467,3.13119587872608,2.25038008811552,-9285.77744357104,38701.7576110233,FALSE
2,196703,"p","2020-01-09 20:07:00",75.2833333333333,TRUE,75.2,0.0833333333333002,259.473020113335,0.864910067044794,3.11367624136126,2.31801172878448,-9090.70661688413,38874.4042258629,FALSE
2,196703,"p","2020-01-09 20:12:00",75.3666666666667,TRUE,75.2833333333333,0.0833333333333997,256.949601516557,0.856498671721175,3.08339521819623,2.38412215729636,-8885.58637358698,39030.8967856976,FALSE
2,196703,"p","2020-01-09 20:17:00",75.45,TRUE,75.3666666666667,0.0833333333333002,253.714764816384,0.845715882721615,3.04457717779782,2.4483465737841,-8672.14948615917,39170.0399922478,FALSE
2,196703,"o","2020-01-09 20:19:00",75.4833333333333,TRUE,75.45,0.033333333333303,100.440249993097,0.83700208327657,3.01320749979565,2.5107399515437,-8584.79519890676,39220.4855836565,FALSE
2,196703,"p","2020-01-09 20:22:00",75.5333333333333,TRUE,75.4833333333333,0.0499999999999972,143.734117193433,0.798522873296893,2.87468234386882,2.56814514755311,-8455.1854160384,39284.0783037066,FALSE
2,196703,"p","2020-01-09 20:27:00",75.6166666666667,TRUE,75.5333333333333,0.0833333333333997,237.597786949388,0.791992623163998,2.85117344339039,2.62354268058214,-8234.22584731333,39374.3081586625,FALSE
2,196703,"p","2020-01-09 20:32:00",75.7,TRUE,75.6166666666667,0.0833333333333002,236.717689827839,0.789058966093111,2.8406122779352,2.67703818343567,-8007.02648884288,39444.5636181327,FALSE
2,196703,"p","2020-01-09 20:37:00",75.7833333333333,TRUE,75.7,0.0833333333333002,237.712052900888,0.792373509669941,2.85254463481179,2.72895604346632,-7773.37745606402,39494.0540495186,FALSE
2,196703,"p","2020-01-09 20:42:00",75.8666666666667,TRUE,75.7833333333333,0.0833333333333997,245.993541268205,0.819978470893363,2.95192249521611,2.78137068620491,-7526.2683084128,39499.685291997,FALSE
2,196703,"p","2020-01-09 20:47:00",75.95,TRUE,75.8666666666667,0.0833333333333002,252.045340912763,0.84015113637621,3.02454409095436,2.83312110779237,-7273.35860671027,39486.5051968025,FALSE
2,196703,"p","2020-01-09 20:52:00",76.0333333333333,TRUE,75.95,0.0833333333333002,258.250600822226,0.860835336074429,3.09900720986794,2.88376713298881,-7015.5237533228,39457.30743953,FALSE
2,196703,"p","2020-01-09 20:57:00",76.1166666666667,TRUE,76.0333333333333,0.0833333333333997,264.235785307787,0.880785951025257,3.17082942369093,2.9326584236706,-6753.51236399256,39414.4732895649,FALSE
2,196703,"p","2020-01-09 21:02:00",76.2,TRUE,76.1166666666667,0.0833333333333002,269.793890677091,0.899312968923996,3.23752668812639,2.97897585622568,-6487.96755022597,39360.0395449013,FALSE
2,196703,"p","2020-01-09 21:07:00",76.2833333333333,TRUE,76.2,0.0833333333333002,274.824215295679,0.916080717652627,3.29789058354946,3.02175038865035,-6219.44316504919,39295.7499840513,FALSE
2,196703,"p","2020-01-09 21:12:00",76.3666666666667,TRUE,76.2833333333333,0.0833333333333997,279.290787882119,0.930969292939656,3.35148945458276,3.06246957915723,-5948.41779399334,39223.0994159585,FALSE
2,196703,"p","2020-01-09 21:17:00",76.45,TRUE,76.3666666666667,0.0833333333333002,283.195469224426,0.943984897415128,3.39834563069446,3.09223976105244,-5675.30684472773,39143.3714406402,FALSE
2,196703,"p","2020-01-09 21:22:00",76.5333333333333,TRUE,76.45,0.0833333333333002,286.560833873969,0.955202779580275,3.43873000648899,3.11815022153048,-5400.47304075104,39057.6708744299,FALSE
2,196703,"p","2020-01-09 21:27:00",76.6166666666667,TRUE,76.5333333333333,0.0833333333333997,289.419398161666,0.964731327204784,3.47303277793722,3.14029350207799,-5124.23558421433,38966.9516589697,FALSE
2,196703,"p","2020-01-09 21:32:00",76.7,TRUE,76.6166666666667,0.0833333333333002,291.80690995393,0.972689699846819,3.50168291944855,3.15927337205466,-4846.87821934516,38872.0409588733,FALSE
2,196703,"p","2020-01-09 21:37:00",76.7833333333333,TRUE,76.7,0.0833333333333002,293.758215220872,0.979194050736629,3.52509858265186,3.1756075570434,-4568.65640016372,38773.6600569023,FALSE
2,196703,"p","2020-01-09 21:42:00",76.8666666666667,TRUE,76.7833333333333,0.0833333333333997,295.304744588787,0.984349148628506,3.54365693506262,3.18974177497913,-4289.80374355039,38672.442574402,FALSE
2,196703,"p","2020-01-09 21:47:00",76.95,TRUE,76.8666666666667,0.0833333333333002,296.473003935529,0.988243346452156,3.55767604722776,3.20206162289323,-4010.53793068743,38568.9504773736,FALSE
2,196703,"p","2020-01-09 21:52:00",77.0333333333333,TRUE,76.95,0.0833333333333002,297.283671386347,0.990945571288216,3.56740405663758,3.21290254340492,-3731.06620594182,38463.688272336,FALSE
2,196703,"p","2020-01-09 21:57:00",77.1166666666667,TRUE,77.0333333333333,0.0833333333333997,297.751042442167,0.992503474806432,3.57301250930316,3.2225580850038,-3451.59061210151,38357.1157507938,FALSE
2,196703,"p","2020-01-09 22:02:00",77.2,TRUE,77.1166666666667,0.0833333333333002,297.88265431757,0.992942181058963,3.57459185181227,3.23128660559928,-3172.3130942182,38249.6596041103,FALSE
2,196703,"p","2020-01-09 22:07:00",77.2833333333333,TRUE,77.2,0.0833333333333002,297.678977956282,0.992263259854668,3.5721477354768,3.23931647936153,-2893.44060097533,38141.7242022293,FALSE
2,196703,"p","2020-01-09 22:12:00",77.3666666666667,TRUE,77.2833333333333,0.0833333333333997,297.133103256765,0.990443677521763,3.56559723907835,3.24684975341713,-2615.19031245842,38033.7018085436,FALSE
2,196703,"p","2020-01-09 22:17:00",77.45,TRUE,77.3666666666667,0.0833333333333002,296.230367455577,0.987434558185649,3.55476440946833,3.25406405313574,-2337.79512637905,37925.9824889427,FALSE
2,196703,"p","2020-01-09 22:22:00",77.5333333333333,TRUE,77.45,0.0833333333333002,294.947893020106,0.983159643400746,3.53937471624269,3.2611123326846,-2061.50954134892,37818.9639653015,FALSE
2,196703,"p","2020-01-09 22:27:00",77.6166666666667,TRUE,77.5333333333333,0.0833333333333997,293.254013694327,0.977513378980314,3.51904816432913,3.26811978129881,-1786.61608581243,37713.0616624484,FALSE
2,196703,"p","2020-01-09 22:32:00",77.7,TRUE,77.6166666666667,0.0833333333333002,291.107577941852,0.970358593139894,3.49329093530362,3.27517678208508,-1513.43245505256,37608.7192022543,FALSE
2,196703,"p","2020-01-09 22:37:00",77.7833333333333,TRUE,77.7,0.0833333333333002,288.457131011321,0.96152377003812,3.46148557213723,3.28232622185606,-1242.31953654702,37506.4196100788,FALSE
2,196703,"p","2020-01-09 22:42:00",77.8666666666667,TRUE,77.7833333333333,0.0833333333333997,285.23999332534,0.950799977750377,3.42287991990136,3.28954260327306,-973.690526413464,37406.6975165186,FALSE
2,196703,"p","2020-01-09 22:47:00",77.95,TRUE,77.8666666666667,0.0833333333333002,281.381279052649,0.937937596842535,3.37657534863313,3.2966992778358,-708.021367231717,37310.1526628594,FALSE
2,196703,"p","2020-01-09 22:52:00",78.0333333333333,TRUE,77.95,0.0833333333333002,276.792942584366,0.922643141948252,3.32151531101371,3.30328292585333,-445.862770916846,37217.4650511989,FALSE
2,196703,"p","2020-01-09 22:57:00",78.1166666666667,TRUE,78.0333333333333,0.0833333333333997,271.373016863909,0.904576722878976,3.25647620236431,3.30676293484328,-187.854130352766,37129.4121221552,FALSE
2,196703,"p","2020-01-09 23:02:00",78.2,TRUE,78.1166666666667,0.0833333333333002,265.005342944742,0.88335114314949,3.18006411533817,3.30860704245375,65.2603287882888,37046.888393877,FALSE
2,196703,"p","2020-01-09 23:07:00",78.2833333333333,TRUE,78.2,0.0833333333333002,257.560336058209,0.858534453527706,3.09072403269974,3.30881062063441,312.612748023815,36970.9280586965,FALSE
2,196703,"p","2020-01-09 23:12:00",78.3666666666667,TRUE,78.2833333333333,0.0833333333333997,248.897792375722,0.829659307918412,2.98677350850628,3.30720496315409,553.189712930945,36902.7311079842,FALSE
2,196703,"p","2020-01-09 23:17:00",78.45,TRUE,78.3666666666667,0.0833333333333002,238.87362275022,0.796245409167716,2.86648347300378,3.3031292957432,785.806653098794,36843.6936454022,FALSE
2,196703,"o","2020-01-09 23:21:00",78.5166666666667,TRUE,78.45,0.0666666666666913,182.882373886536,0.76200989119362,2.74323560829703,3.29947799753287,965.243364893804,36804.1445230624,FALSE
2,196703,"p","2020-01-09 23:22:00",78.5333333333333,TRUE,78.5166666666667,0.0166666666666089,43.1681815805935,0.719469693012387,2.59009089484459,3.29222570451771,1007.8642351559,36796.1052443621,FALSE
2,196703,"p","2020-01-09 23:27:00",78.6166666666667,TRUE,78.5333333333333,0.0833333333333997,208.164079755708,0.693880265851809,2.49796895706651,3.28270783449358,1214.48287915201,36763.643105037,FALSE
2,196703,"p","2020-01-09 23:32:00",78.7,TRUE,78.6166666666667,0.0833333333333002,195.340839948933,0.651136133163368,2.34409007938812,3.26858409684292,1409.88797315264,36745.186823264,FALSE
2,196703,"p","2020-01-09 23:37:00",78.7833333333333,TRUE,78.7,0.0833333333333002,182.531422729264,0.608438075764457,2.19037707275204,3.24743005733003,1593.27628059304,36742.5584933229,FALSE
2,196703,"o","2020-01-09 23:41:00",78.85,TRUE,78.7833333333333,0.0666666666666913,137.083357105918,0.571180654607779,2.056250356588,3.22053300915319,1730.59005220131,36753.3787416343,FALSE
2,196703,"p","2020-01-09 23:42:00",78.8666666666667,TRUE,78.85,0.0166666666667084,41.7144113698228,0.695240189495308,2.50286468218311,3.20397349449528,1756.62382593568,36786.1648467411,FALSE
2,196703,"p","2020-01-09 23:47:00",78.95,TRUE,78.8666666666667,0.0833333333333002,207.796639907728,0.69265546635937,2.49355967889373,3.18516044602869,1879.92475426199,36954.3392429342,FALSE
2,196703,"p","2020-01-09 23:52:00",79.0333333333333,TRUE,78.95,0.0833333333333002,192.10753929607,0.64035846432049,2.30529047155376,3.15926499556834,1996.27656682578,37108.0644073739,FALSE
2,196703,"p","2020-01-09 23:57:00",79.1166666666667,TRUE,79.0333333333333,0.0833333333333997,158.789141163959,0.529297137212776,1.905469693966,3.12058663752435,2111.55587002956,37218.1572859577,FALSE
2,196703,"o","2020-01-09 23:58:00",79.1333333333333,TRUE,79.1166666666667,0.0166666666665947,27.2429946952341,0.454049911589197,1.63457968172111,3.07289469938931,2135.02679810048,37232.2168686146,FALSE
2,196703,"p","2020-01-10 00:02:00",79.2,TRUE,79.1333333333333,0.0666666666667055,238.483960877526,0.993683170322445,3.5772594131608,3.07786452668004,2300.26870649938,37059.0079887124,FALSE
2,196703,"p","2020-01-10 00:07:00",79.2833333333333,TRUE,79.2,0.0833333333333002,335.470679893968,1.118235599647,4.02564815872921,3.09416780868671,2501.40144938575,36789.0298476209,FALSE
2,196703,"o","2020-01-10 00:08:00",79.3,TRUE,79.2833333333333,0.0166666666666941,70.3411464576107,1.17235244095825,4.22046878744968,3.11492992006206,2539.76016743825,36729.779794727,FALSE
2,196703,"p","2020-01-10 00:12:00",79.3666666666667,TRUE,79.3,0.0666666666667055,209.956899430769,0.874820414294361,3.1493534914597,3.10514299150681,2627.5677184129,36538.325700876,FALSE
2,196703,"p","2020-01-10 00:17:00",79.45,TRUE,79.3666666666667,0.0833333333333002,279.934871668057,0.933116238893893,3.35921846001802,3.10053521032254,2718.73360477641,36272.7421810644,FALSE
2,196703,"p","2020-01-10 00:22:00",79.5333333333333,TRUE,79.45,0.0833333333333002,298.44162376613,0.994805412554161,3.58129948519498,3.10158083671511,2790.29681073449,35982.0916645553,FALSE
2,196703,"p","2020-01-10 00:27:00",79.6166666666667,TRUE,79.5333333333333,0.0833333333333997,315.346580928572,1.05115526976107,3.78415897113985,3.107872029046,2842.88366720335,35670.2257379249,FALSE
2,196703,"p","2020-01-10 00:32:00",79.7,TRUE,79.6166666666667,0.0833333333333002,330.533635841325,1.10177878613819,3.96640363009748,3.11895535053099,2876.64114007389,35340.460061468,FALSE
2,196703,"p","2020-01-10 00:37:00",79.7833333333333,TRUE,79.7,0.0833333333333002,344.121786636597,1.14707262212245,4.12946143964081,3.1344122652626,2891.24054274402,34995.6581265881,FALSE
2,196703,"p","2020-01-10 00:42:00",79.8666666666667,TRUE,79.7833333333333,0.0833333333333997,356.371550150888,1.18790516716868,4.27645860180726,3.15390856387357,2885.86923310653,34638.3035910444,FALSE
2,196703,"o","2020-01-10 00:44:00",79.9,TRUE,79.8666666666667,0.033333333333303,145.774718017531,1.21478931681386,4.3732415405299,3.17616116956949,2877.83826901042,34492.3302012009,FALSE
2,196703,"p","2020-01-10 00:47:00",79.95,TRUE,79.9,0.0499999999999972,244.435006266204,1.35797225703455,4.88870012532437,3.21291402752077,2836.39623837108,34250.7081359399,FALSE
2,196703,"p","2020-01-10 00:52:00",80.0333333333333,TRUE,79.95,0.0833333333333002,412.024010893771,1.37341336964645,4.94428813072722,3.25151190866685,2753.6724652188,33845.8338053698,FALSE
2,196703,"p","2020-01-10 00:57:00",80.1166666666667,TRUE,80.0333333333333,0.0833333333333997,409.202433990038,1.36400811329904,4.91042920787655,3.28959675565667,2659.40669559588,33446.3867753714,FALSE
2,196703,"o","2020-01-10 00:59:00",80.15,TRUE,80.1166666666667,0.033333333333303,160.605017568356,1.33837514640419,4.81815052705507,3.32568293239906,2619.83550887903,33290.2378113969,FALSE
2,196703,"p","2020-01-10 01:02:00",80.2,TRUE,80.15,0.0499999999999972,252.382702150889,1.40212612306057,5.04765404301806,3.36885968539113,2552.67914950906,33046.1664175343,FALSE
2,196703,"p","2020-01-10 01:07:00",80.2833333333333,TRUE,80.2,0.0833333333333002,396.489198243884,1.32163066081347,4.7578703789285,3.40487037446867,2443.34988033204,32663.8036547283,FALSE
2,196703,"o","2020-01-10 01:10:00",80.3333333333333,TRUE,80.2833333333333,0.0499999999999972,216.982608629544,1.20545893683087,4.33965217259113,3.43033627037671,2382.36417457139,32454.8839697487,FALSE
2,196703,"p","2020-01-10 01:12:00",80.3666666666667,TRUE,80.3333333333333,0.0333333333334025,128.75267459658,1.07293895496927,3.86258023788938,3.44383640618939,2342.28284780135,32332.114620601,FALSE
2,196703,"p","2020-01-10 01:17:00",80.45,TRUE,80.3666666666667,0.0833333333333002,146.900459280864,0.489668197603075,1.76280551137107,3.40053891175487,2319.5039047054,32186.5567431477,FALSE
2,196703,"p","2020-01-10 01:22:00",80.5333333333333,TRUE,80.45,0.0833333333333002,95.2726270696198,0.317575423565526,1.14327152483589,3.34183878182353,2313.45042163102,32091.2014280842,FALSE
2,196703,"p","2020-01-10 01:27:00",80.6166666666667,TRUE,80.5333333333333,0.0833333333333997,55.5420716461492,0.18514023882035,0.66650485975326,3.27201769139061,2320.9078061697,32035.9991693982,FALSE
2,196703,"p","2020-01-10 01:32:00",80.7,TRUE,80.6166666666667,0.0833333333333002,29.9974233715948,0.0999914112386893,0.359969080459281,3.19616338716171,2339.02481700138,32011.9562960624,FALSE
2,196703,"p","2020-01-10 01:37:00",80.7833333333333,TRUE,80.7,0.0833333333333002,26.0921823331093,0.0869739411103988,0.313106187997436,3.12189485048091,2365.21948757167,32010.8662599755,FALSE
2,196703,"p","2020-01-10 01:42:00",80.8666666666667,TRUE,80.7833333333333,0.0833333333333997,34.7716169186983,0.115905389728902,0.417259403024047,3.05386084853703,2397.11390256057,32025.1023288619,FALSE
2,196703,"p","2020-01-10 01:47:00",80.95,TRUE,80.8666666666667,0.0833333333333002,41.6398511955676,0.13879950398528,0.49967821434701,2.99153980981619,2432.47412893207,32047.4249259564,FALSE
2,196703,"o","2020-01-10 01:49:00",80.9833333333333,TRUE,80.95,0.033333333333303,17.4271737816546,0.145226448180587,0.522815213450115,2.93411548533301,2447.10404986136,32057.0290539439,FALSE
2,196703,"p","2020-01-10 01:52:00",81.0333333333333,TRUE,80.9833333333333,0.0499999999999972,18.7997966238974,0.104443314577214,0.375995932477969,2.87517179020555,2465.51248265791,32052.7988435427,FALSE
2,196703,"p","2020-01-10 01:57:00",81.1166666666667,TRUE,81.0333333333333,0.0833333333333997,31.6570798399732,0.105523599466493,0.379884958079377,2.82061053683587,2496.14387318669,32044.2400805829,FALSE
2,196703,"p","2020-01-10 02:02:00",81.2,TRUE,81.1166666666667,0.0833333333333002,31.6206279141679,0.105402093047268,0.379447534970165,2.77030693856415,2526.08948923608,32033.6421550706,FALSE
2,196703,"p","2020-01-10 02:07:00",81.2833333333333,TRUE,81.2,0.0833333333333002,31.1546298263631,0.103848766087918,0.373855557916506,2.72357374971216,2554.60721317925,32020.7559398261,FALSE
2,196703,"p","2020-01-10 02:12:00",81.3666666666667,TRUE,81.2833333333333,0.0833333333333997,30.3974412410747,0.101324804136835,0.364769294892607,2.66418221117631,2580.91885714568,32005.2745028188,FALSE
2,196703,"p","2020-01-10 02:17:00",81.45,TRUE,81.3666666666667,0.0833333333333002,29.5774843181113,0.0985916143937435,0.354929811817477,2.60477582597975,2604.19050507703,31986.8253535873,FALSE
2,196703,"p","2020-01-10 02:22:00",81.5333333333333,TRUE,81.45,0.0833333333333002,29.0697374901265,0.0968991249671269,0.348836849881657,2.55042989204442,2623.5114470207,31964.9610337957,FALSE
2,196703,"p","2020-01-10 02:27:00",81.6166666666667,TRUE,81.5333333333333,0.0833333333333997,29.4404693034429,0.0981348976780649,0.353285631641034,2.50731366809094,2637.87117351919,31939.1478138337,FALSE
2,196703,"p","2020-01-10 02:32:00",81.7,TRUE,81.6166666666667,0.0833333333333002,31.404172019124,0.104680573397122,0.376850064229638,2.47237673427174,2646.13384894734,31908.7522102295,FALSE
2,196703,"p","2020-01-10 02:37:00",81.7833333333333,TRUE,81.7,0.0833333333333002,35.6354454078536,0.118784818026226,0.427625344894413,2.38488689904211,2647.0096189603,31873.0249830595,FALSE
2,196703,"o","2020-01-10 02:41:00",81.85,TRUE,81.7833333333333,0.0666666666666913,33.3900839872046,0.139125349946634,0.500851259807883,2.28697587407208,2641.4007505689,31840.0101553649,FALSE
2,196703,"p","2020-01-10 02:42:00",81.8666666666667,TRUE,81.85,0.0166666666667084,13.3357098784028,0.222261831306158,0.800142592702168,2.19196681310687,2635.5739829554,31827.9667439988,FALSE
2,196703,"p","2020-01-10 02:47:00",81.95,TRUE,81.8666666666667,0.0833333333333002,72.3813064748783,0.241271021583024,0.868575677698885,2.12861187383574,2600.87112261035,31764.1738249083,FALSE
2,196703,"p","2020-01-10 02:52:00",82.0333333333333,TRUE,81.95,0.0833333333333002,79.9629423955168,0.266543141318495,0.959555308746584,2.0619545640782,2558.33244774528,31696.1424276335,FALSE
2,196703,"o","2020-01-10 02:53:00",82.05,TRUE,82.0333333333333,0.0166666666666941,16.674384033944,0.277906400565274,1.00046304203499,1.99026466287931,2549.04429567425,31682.2249489174,FALSE
2,196703,"o","2020-01-10 02:55:00",82.0833333333333,TRUE,82.05,0.033333333333303,30.3543601681508,0.252953001401487,0.910630805045353,1.91044443604335,2532.94900150064,31656.3671651557,FALSE
2,196703,"p","2020-01-10 02:57:00",82.1166666666667,TRUE,82.0833333333333,0.0333333333334025,28.0109384894149,0.233424487411306,0.840328154680702,1.82360900617066,2518.49119371656,31632.2652582992,FALSE
2,196703,"p","2020-01-10 03:02:00",82.2,TRUE,82.1166666666667,0.0833333333333002,73.3588156108315,0.244529385369535,0.880305787330328,1.73335468249537,2477.55867800868,31571.0815868545,FALSE
2,196703,"p","2020-01-10 03:07:00",82.2833333333333,TRUE,82.2,0.0833333333333002,79.4369812578149,0.264789937526155,0.953243775094158,1.64104315953112,2428.30148657548,31508.3952218578,FALSE
2,196703,"p","2020-01-10 04:47:00",83.95,TRUE,83.8666666666667,0.0833333333333002,280.779723891278,0.9359324129713,3.36935668669668,1.60653473296204,-875.942104550534,31440.3205236641,FALSE
2,196703,"p","2020-01-10 04:52:00",84.0333333333333,TRUE,83.95,0.0833333333333002,266.996198252351,0.88998732750819,3.20395437902948,1.68584355321615,-1132.36712523944,31519.0312279157,FALSE
2,196703,"p","2020-01-10 04:57:00",84.1166666666667,TRUE,84.0333333333333,0.0833333333333997,238.193477973383,0.793978259910645,2.85832173567832,1.75542788943941,-1359.21843654588,31442.8840598864,FALSE
2,196703,"p","2020-01-10 05:02:00",84.2,TRUE,84.1166666666667,0.0833333333333002,249.135949472929,0.830453164910092,2.98963139367633,1.8280051485907,-1581.14798008187,31327.289586312,FALSE
2,196703,"o","2020-01-10 05:04:00",84.2333333333333,TRUE,84.2,0.033333333333303,103.307765933086,0.860898049443164,3.09923297799539,1.9022164717324,-1668.82694467915,31271.8296374353,FALSE
2,196703,"p","2020-01-10 05:07:00",84.2833333333333,TRUE,84.2333333333333,0.0499999999999972,163.545082958102,0.90858379421173,3.27090165916223,1.97916231615891,-1804.96206557445,31179.9641703945,FALSE
2,196703,"p","2020-01-10 05:12:00",84.3666666666667,TRUE,84.2833333333333,0.0833333333333997,280.897979089578,0.936326596964514,3.37077574907225,2.05056879272474,-2028.70174427501,31008.2362072003,FALSE
2,196703,"p","2020-01-10 05:17:00",84.45,TRUE,84.3666666666667,0.0833333333333002,288.197488489877,0.960658294966639,3.4583698618799,2.12250752006311,-2247.55284589021,30818.9640111726,FALSE
2,196703,"p","2020-01-10 05:22:00",84.5333333333333,TRUE,84.45,0.0833333333333002,291.278820303162,0.970929401010926,3.49534584363933,2.19294614603235,-2460.31574797449,30618.3709733569,FALSE
2,196703,"p","2020-01-10 05:27:00",84.6166666666667,TRUE,84.5333333333333,0.0833333333333997,289.720443539451,0.965734811797401,3.47664532247064,2.26172898715556,-2665.63703296437,30412.3945069448,FALSE
2,196703,"p","2020-01-10 05:32:00",84.7,TRUE,84.6166666666667,0.0833333333333002,283.183940369963,0.943946467900253,3.39820728444091,2.33082833380544,-2861.97529924972,30206.8360333839,FALSE
2,196703,"p","2020-01-10 05:37:00",84.7833333333333,TRUE,84.7,0.0833333333333002,271.326511507947,0.904421705026848,3.25591813809665,2.39792805556699,-3047.56222354674,30007.5075331099,FALSE
2,196703,"p","2020-01-10 05:42:00",84.8666666666667,TRUE,84.7833333333333,0.0833333333333997,253.752046537041,0.845840155122798,3.04502455844207,2.45805913254232,-3220.35789096012,29820.3783630191,FALSE
2,196703,"p","2020-01-10 05:47:00",84.95,TRUE,84.8666666666667,0.0833333333333002,229.987532815125,0.766625109384057,2.7598503937826,2.50824264972811,-3377.99926432266,29651.7260495371,FALSE
2,196703,"p","2020-01-10 05:52:00",85.0333333333333,TRUE,84.95,0.0833333333333002,199.489020431754,0.664963401439443,2.393868245182,2.54558876782277,-3517.74049108089,29508.2948663524,FALSE
2,196703,"p","2020-01-10 05:57:00",85.1166666666667,TRUE,85.0333333333333,0.0833333333333997,161.723384758081,0.539077949193173,1.94068061709542,2.56766903940317,-3636.38353981354,29397.466202685,FALSE
2,196703,"o","2020-01-10 06:00:00",85.1666666666667,TRUE,85.1166666666667,0.0499999999999972,75.8392303799785,0.421329057666571,1.51678460759966,2.56669532091136,-3695.92051008975,29349.9933300938,FALSE
2,196703,"p","2020-01-10 06:02:00",85.2,TRUE,85.1666666666667,0.033333333333303,45.0959880242172,0.375799900202152,1.35287964072775,2.55878829912998,-3736.53249824605,29329.9346245378,FALSE
2,196703,"p","2020-01-10 06:07:00",85.2833333333333,TRUE,85.2,0.0833333333333002,79.8702589265548,0.266234196421955,0.958443107119038,2.53782839263803,-3815.48853794841,29315.5880584709,FALSE
2,196703,"p","2020-01-10 06:12:00",85.3666666666667,TRUE,85.2833333333333,0.0833333333333997,59.1333748548209,0.197111249515913,0.709600498257286,2.51280673143503,-3855.09587053082,29359.7939686295,FALSE
2,196703,"p","2020-01-10 06:17:00",85.45,TRUE,85.3666666666667,0.0833333333333002,113.377438960033,0.377924796533592,1.36052926752093,2.50465783474294,-3845.63566636534,29473.1051554659,FALSE
2,196703,"p","2020-01-10 06:22:00",85.5333333333333,TRUE,85.45,0.0833333333333002,206.103681318411,0.687012271061642,2.47324417582191,2.52582034257248,-3776.14959183059,29667.8201004752,FALSE
2,196703,"p","2020-01-10 06:27:00",85.6166666666667,TRUE,85.5333333333333,0.0833333333333997,322.490186317289,1.07496728772344,3.86988223580439,2.58431496042677,-3634.01085520649,29958.463600433,FALSE
2,196703,"p","2020-01-10 06:32:00",85.7,TRUE,85.6166666666667,0.0833333333333002,1092.5367042295,3.64178901409979,13.1104404507593,2.89810698066559,-2978.94244762086,30837.6941485176,FALSE
2,196703,"p","2020-01-10 06:37:00",85.7833333333333,TRUE,85.7,0.0833333333333002,1110.80183070211,3.70267276900851,13.3296219684306,3.2166157753664,-2320.62776384909,31737.2897130548,FALSE
2,196703,"o","2020-01-10 06:41:00",85.85,TRUE,85.7833333333333,0.0666666666666913,818.944442580699,3.41226851075165,12.284166638706,3.50464697612762,-1848.07150336556,32409.6578143723,FALSE
2,196703,"p","2020-01-10 06:42:00",85.8666666666667,TRUE,85.85,0.0166666666667084,49.3657339640177,0.82276223273157,2.96194403783365,3.53212864092084,-1842.96822960401,32458.9027560035,FALSE
2,196703,"p","2020-01-10 06:47:00",85.95,TRUE,85.8666666666667,0.0833333333333002,173.711373712344,0.57903791237471,2.08453648454896,3.53335889465896,-1900.36775520596,32623.4240159908,FALSE
2,196703,"p","2020-01-10 06:52:00",86.0333333333333,TRUE,85.95,0.0833333333333002,182.239251509998,0.607464171700235,2.18687101812085,3.5351275643038,-2077.51998310058,32669.6792911203,FALSE
2,196703,"p","2020-01-10 06:57:00",86.1166666666667,TRUE,86.0333333333333,0.0833333333333997,279.590519602076,0.931968398672844,3.35508623522224,3.56644145376053,-2353.58121076927,32617.6895407747,FALSE
2,196703,"p","2020-01-10 07:02:00",86.2,TRUE,86.1166666666667,0.0833333333333002,378.78276381137,1.26260921270507,4.54539316573825,3.62793468398452,-2710.20629397519,32484.9939388238,FALSE
2,196703,"p","2020-01-10 07:07:00",86.2833333333333,TRUE,86.2,0.0833333333333002,463.02360652062,1.54341202173601,5.55628327824965,3.70976377463487,-3131.08522672791,32287.0929338687,FALSE
2,196703,"p","2020-01-10 07:12:00",86.3666666666667,TRUE,86.2833333333333,0.0833333333333997,530.075955466619,1.76691985155399,6.36091146559437,3.8104931188419,-3601.53113125015,32037.8398089942,FALSE
2,196703,"p","2020-01-10 07:17:00",86.45,TRUE,86.3666666666667,0.0833333333333002,580.233994188547,1.93411331396259,6.96280793026533,3.92344945888329,-4108.10925007732,31749.790631968,FALSE
2,196703,"p","2020-01-10 07:22:00",86.5333333333333,TRUE,86.45,0.0833333333333002,614.202117997275,2.04734039332506,7.37042541597023,4.03299610747685,-4638.29756820029,31434.521436434,FALSE
2,196703,"p","2020-01-10 07:27:00",86.6166666666667,TRUE,86.5333333333333,0.0833333333333997,632.577970686541,2.10859323562013,7.59093564823245,4.14796866991286,-5180.17049215973,31102.9206461832,FALSE
2,196703,"p","2020-01-10 07:32:00",86.7,TRUE,86.6166666666667,0.0833333333333002,635.694902533861,2.11898300844705,7.62833883040936,4.26627372946044,-5722.09759545571,30765.4641295849,FALSE
2,196703,"p","2020-01-10 07:37:00",86.7833333333333,TRUE,86.7,0.0833333333333002,623.565022200859,2.07855007400369,7.48278026641329,4.38513000410999,-6252.44982022264,30432.4798324777,FALSE
2,196703,"o","2020-01-10 07:40:00",86.8333333333333,TRUE,86.7833333333333,0.0499999999999972,361.836959240143,2.01020532911202,7.23673918480327,4.50675271103012,-6560.14873644072,30239.1800798595,FALSE
2,196703,"p","2020-01-10 07:42:00",86.8666666666667,TRUE,86.8333333333333,0.0333333333334025,208.056216611076,1.7338018050887,6.24168649831933,4.59708757504798,-6738.17396404541,30129.7937694921,FALSE
2,196703,"o","2020-01-10 07:43:00",86.8833333333333,TRUE,86.8666666666667,0.0166666666665947,101.728407861773,1.69547346437021,6.10370447173275,4.68054511654069,-6825.29796558513,30076.4382015694,FALSE
2,196703,"p","2020-01-10 07:47:00",86.95,TRUE,86.8833333333333,0.0666666666667055,355.656899922356,1.48190374967562,5.33485349883223,4.73787711208708,-7130.66040343428,29891.1489828956,FALSE
2,196703,"p","2020-01-10 07:52:00",87.0333333333333,TRUE,86.95,0.0833333333333002,415.965653392834,1.38655217797667,4.99158784071599,4.78289967018829,-7489.86413820725,29677.860393337,FALSE
2,196703,"o","2020-01-10 07:54:00",87.0666666666667,TRUE,87.0333333333333,0.0333333333334025,158.967697755258,1.3247308146244,4.76903093264785,4.81930692215407,-7627.97249292565,29597.7630019956,FALSE
2,196703,"p","2020-01-10 07:57:00",87.1166666666667,TRUE,87.0666666666667,0.0499999999999972,231.96875113398,1.28871528407774,4.63937502267986,4.85108551046075,-7831.20596906859,29483.8588624764,FALSE
2,196703,"p","2020-01-10 08:02:00",87.2,TRUE,87.1166666666667,0.0833333333333002,372.443501810498,1.24147833936882,4.46932202172776,4.87865986321789,-8160.68165037059,29306.7271574264,FALSE
2,196703,"o","2020-01-10 08:05:00",87.25,TRUE,87.2,0.0499999999999972,217.139144125687,1.20632857847611,4.34278288251399,4.90489807427548,-8354.86396347647,29207.4348710334,FALSE
2,196703,"p","2020-01-10 08:07:00",87.2833333333333,TRUE,87.25,0.033333333333303,143.529038038051,1.19607531698485,4.30587114114544,4.93406343547128,-8486.07783678169,29147.7001725485,FALSE
2,196703,"p","2020-01-10 08:12:00",87.3666666666667,TRUE,87.2833333333333,0.0833333333333997,355.221743855662,1.18407247951793,4.26266092626455,4.96788666791079,-8813.68743494431,29006.3032297477,FALSE
2,196703,"p","2020-01-10 08:17:00",87.45,TRUE,87.3666666666667,0.0833333333333002,354.399115675487,1.18133038558543,4.25278938810754,5.00935719553093,-9144.05112399759,28873.6352954254,FALSE
2,196703,"o","2020-01-10 08:18:00",87.4666666666667,TRUE,87.45,0.0166666666666941,71.2598318022091,1.18766386336819,4.2755899081255,5.0616272417238,-9210.83900171192,28847.8727916499,FALSE
2,196703,"p","2020-01-10 08:22:00",87.5333333333333,TRUE,87.4666666666667,0.066666666666606,311.877167759969,1.29948819900105,4.67815751640378,5.13766826670459,-9504.95145887003,28739.9035420809,FALSE
2,196703,"p","2020-01-10 08:27:00",87.6166666666667,TRUE,87.5333333333333,0.0833333333333997,393.553397279922,1.31184465759869,4.7226407673553,5.2267198266978,-9877.91856235241,28608.733337707,FALSE
2,196703,"p","2020-01-10 08:32:00",87.7,TRUE,87.6166666666667,0.0833333333333002,396.087782460401,1.32029260820186,4.75305338952671,5.32116909749777,-10254.7592529149,28480.9635959683,FALSE
2,196703,"p","2020-01-10 08:37:00",87.7833333333333,TRUE,87.7,0.0833333333333002,396.949154113997,1.32316384704718,4.76338984936986,5.4268620625603,-10633.3889627325,28355.8005309004,FALSE
2,196703,"p","2020-01-10 08:42:00",87.8666666666667,TRUE,87.7833333333333,0.0833333333333997,396.127244234059,1.32042414744581,4.75352693080493,5.53919335235329,-11011.7683167219,28232.5162042683,FALSE
2,196703,"p","2020-01-10 08:47:00",87.95,TRUE,87.8666666666667,0.0833333333333002,393.584374361386,1.31194791453847,4.72301249233851,5.63259566415377,-11387.8516155152,28110.4301369818,FALSE
2,196703,"p","2020-01-10 08:52:00",88.0333333333333,TRUE,87.95,0.0833333333333002,389.252172980515,1.2975072432689,4.67102607576804,5.6936451613745,-11759.5351586759,27988.8921194209,FALSE
2,196703,"p","2020-01-10 08:57:00",88.1166666666667,TRUE,88.0333333333333,0.0833333333333997,383.029659474165,1.27676553157953,4.59635591368633,5.71382498576011,-12124.6041027378,27867.2657863204,FALSE
2,196703,"p","2020-01-10 09:02:00",88.2,TRUE,88.1166666666667,0.0833333333333002,374.782754142165,1.24927584714105,4.49739304970777,5.47457366906424,-12480.6765116406,27744.9125414928,FALSE
2,196703,"p","2020-01-10 09:07:00",88.2833333333333,TRUE,88.2,0.0833333333333002,364.345910516143,1.21448636838763,4.37215092619545,5.22575502900215,-12825.1431862085,27621.1754260673,FALSE
2,196703,"p","2020-01-10 09:12:00",88.3666666666667,TRUE,88.2833333333333,0.0833333333333997,351.527560104939,1.1717585336822,4.21833072125591,5.0017040312952,-13155.1017526941,27495.3625230127,FALSE
2,196703,"p","2020-01-10 09:17:00",88.45,TRUE,88.3666666666667,0.0833333333333002,336.122903045303,1.12040967681812,4.03347483654524,5.03146877570386,-13467.2833453863,27366.7294783778,FALSE
2,196703,"p","2020-01-10 09:22:00",88.5333333333333,TRUE,88.45,0.0833333333333002,317.941338957206,1.05980446319111,3.81529606748799,5.0795454307855,-13757.9700311962,27234.4606981638,FALSE
2,196703,"p","2020-01-10 09:27:00",88.6166666666667,TRUE,88.5333333333333,0.0833333333333997,296.864002137195,0.989546673789862,3.5623680256435,5.11775368099446,-14022.9008902725,27097.648745364,FALSE
2,196703,"p","2020-01-10 09:32:00",88.7,TRUE,88.6166666666667,0.0833333333333002,272.965461812309,0.90988487270806,3.27558554174902,5.11554532839798,-14257.1643801277,26955.2714170595,FALSE
2,196703,"p","2020-01-10 09:37:00",88.7833333333333,TRUE,88.7,0.0833333333333002,246.776914644121,0.822589715480731,2.96132297573063,5.07154337867555,-14455.0742642672,26806.1659223871,FALSE
2,196703,"p","2020-01-10 09:42:00",88.8666666666667,TRUE,88.7833333333333,0.0833333333333997,219.863279057394,0.732877596857398,2.63835934868663,4.99048993618769,-14610.0259711327,26648.9995090126,FALSE
2,196703,"o","2020-01-10 09:43:00",88.8833333333333,TRUE,88.8666666666667,0.0166666666665947,40.9786191699059,0.682976986168049,2.45871715020498,4.88209564964909,-14635.1783322435,26616.461208917,FALSE
2,196703,"p","2020-01-10 09:47:00",88.95,TRUE,88.8833333333333,0.0666666666667055,149.514883941947,0.622978683091084,2.2427232591279,4.75098218656194,-14651.829265077,26467.4387336868,FALSE
2,196703,"p","2020-01-10 09:52:00",89.0333333333333,TRUE,88.95,0.0833333333333002,193.700099178163,0.645666997260801,2.32440119013889,4.61081484695552,-14632.4927304926,26274.1413304321,FALSE
2,196703,"p","2020-01-10 09:57:00",89.1166666666667,TRUE,89.0333333333333,0.0833333333333997,206.203690396799,0.687345634655449,2.47444428475962,4.46869008685905,-14575.960875167,26075.1900036088,FALSE
2,196703,"p","2020-01-10 10:02:00",89.2,TRUE,89.1166666666667,0.0833333333333002,219.53930217889,0.731797673929926,2.63447162614773,4.32997155340734,-14489.2533416958,25872.740102355,FALSE
2,196703,"p","2020-01-10 10:07:00",89.2833333333333,TRUE,89.2,0.0833333333333002,231.194396962506,0.770647989875326,2.77433276355117,4.1991813449945,-14378.6274993645,25668.8585977152,FALSE
2,196703,"p","2020-01-10 10:12:00",89.3666666666667,TRUE,89.2833333333333,0.0833333333333997,239.877957462233,0.799593191540139,2.8785354895445,4.07812013123731,-14249.7365126973,25465.5762966986,FALSE
2,196703,"p","2020-01-10 10:17:00",89.45,TRUE,89.3666666666667,0.0833333333333002,244.92121339697,0.816404044656892,2.93905456076481,3.98638035519413,-14107.7721470756,25264.9391429523,FALSE
2,196703,"p","2020-01-10 10:22:00",89.5333333333333,TRUE,89.45,0.0833333333333002,245.940607692767,0.819802025642884,2.95128729231438,3.8988132113214,-13957.5959188711,25069.0598996307,FALSE
2,196703,"p","2020-01-10 10:27:00",89.6166666666667,TRUE,89.5333333333333,0.0833333333333997,242.658764051172,0.808862546836597,2.91190516861175,3.83150909103749,-13803.8619030968,24880.1715203511,FALSE
2,196703,"p","2020-01-10 10:32:00",89.7,TRUE,89.6166666666667,0.0833333333333002,234.807856107459,0.78269285369184,2.81769427329062,3.77112315860901,-13651.1343008459,24700.6835562437,FALSE
2,196703,"p","2020-01-10 10:37:00",89.7833333333333,TRUE,89.7,0.0833333333333002,222.074398356743,0.740247994522771,2.66489278028198,3.71267487659885,-13504.0027364061,24533.2430239842,FALSE
2,196703,"p","2020-01-10 10:42:00",89.8666666666667,TRUE,89.7833333333333,0.0833333333333997,204.049712749253,0.680165709163634,2.44859655298908,3.65181991910744,-13367.2097765172,24380.8111163563,TRUE
