"Trip","Ptt","locType","Time_absolute","Time_since","off_island","lag1","diff1","Start_trip","optional","Distance","Speed_ms","Speed_kph","Avg_speed","LON","LAT","optional.1","Start_trip_new","optional.2"
1,196714,"p","2020-01-07 16:32:00",23.7,TRUE,23.6166666666667,0.0833333333333002,FALSE,TRUE,290.661193240311,0.968870644134755,3.48793431888512,1.57055664172497,-22743.3043872133,23147.4822231207,TRUE,TRUE,TRUE
1,196714,"p","2020-01-07 16:37:00",23.7833333333333,TRUE,23.7,0.0833333333333002,FALSE,TRUE,290.671631504179,0.968905438347648,3.48805957805153,1.84448563262876,-22827.4028725336,23426.6458526654,TRUE,FALSE,TRUE
1,196714,"p","2020-01-07 16:42:00",23.8666666666667,TRUE,23.7833333333333,0.0833333333333997,FALSE,TRUE,290.671750796586,0.96890583598785,3.48806100955626,2.0499325547447,-22911.5013583516,23705.8094832435,TRUE,FALSE,TRUE
1,196714,"p","2020-01-07 16:47:00",23.95,TRUE,23.8666666666667,0.0833333333333002,FALSE,TRUE,290.671869132179,0.968906230440981,3.48806242958753,2.20972476306057,-22995.599844169,23984.9731138006,TRUE,FALSE,TRUE
1,196714,"p","2020-01-07 16:52:00",24.0333333333333,TRUE,23.95,0.0833333333333002,FALSE,TRUE,290.671987623805,0.968906625413068,3.48806385148704,2.33755867190322,-23079.6983299865,24264.1367443739,TRUE,FALSE,TRUE
1,196714,"p","2020-01-07 16:57:00",24.1166666666667,TRUE,24.0333333333333,0.0833333333333997,FALSE,TRUE,290.672106276672,0.96890702092147,3.48806527531729,2.4421501813045,-23163.796815804,24543.3003749312,TRUE,FALSE,TRUE
1,196714,"p","2020-01-07 17:02:00",24.2,TRUE,24.1166666666667,0.0833333333333002,FALSE,TRUE,290.672225081186,0.968907416937674,3.48806670097562,2.52930989127709,-23247.8953016218,24822.4640055055,TRUE,FALSE,TRUE
1,196714,"p","2020-01-07 17:07:00",24.2833333333333,TRUE,24.2,0.0833333333333002,FALSE,TRUE,290.672344049224,0.968907813497799,3.48806812859208,2.6030605249167,-23331.993787439,25101.6276360669,TRUE,FALSE,TRUE
1,196714,"p","2020-01-07 17:12:00",24.3666666666667,TRUE,24.2833333333333,0.0833333333333997,FALSE,TRUE,290.672463171563,0.968908210571104,3.48806955805597,2.66627545585522,-23416.0922732566,25380.7912666278,TRUE,FALSE,TRUE
1,196714,"p","2020-01-07 17:17:00",24.45,TRUE,24.3666666666667,0.0833333333333002,FALSE,TRUE,290.672582450485,0.96890860816867,3.48807098940721,2.72106182475869,-23500.1907590743,25659.9548971984,TRUE,FALSE,TRUE
1,196714,"p","2020-01-07 17:22:00",24.5333333333333,TRUE,24.45,0.0833333333333002,FALSE,TRUE,290.672701888702,0.968909006296058,3.48807242266581,2.76899998712788,-23584.2892448919,25939.1185277709,TRUE,FALSE,TRUE
1,196714,"p","2020-01-07 17:27:00",24.6166666666667,TRUE,24.5333333333333,0.0833333333333997,FALSE,TRUE,290.672821480629,0.968909404934659,3.48807385776477,2.81129845010652,-23668.3877307095,26218.2821583346,TRUE,FALSE,TRUE
1,196714,"p","2020-01-07 17:32:00",24.7,TRUE,24.6166666666667,0.0833333333333002,FALSE,TRUE,290.672941232989,0.96890980411035,3.48807529479726,2.84889716370045,-23752.4862165271,26497.4457888959,TRUE,FALSE,TRUE
1,196714,"p","2020-01-07 17:37:00",24.7833333333333,TRUE,24.7,0.0833333333333002,FALSE,TRUE,290.673061142911,0.968910203810088,3.48807673371632,2.88253819370129,-23836.5847023448,26776.6094194639,TRUE,FALSE,TRUE
1,196714,"p","2020-01-07 17:42:00",24.8666666666667,TRUE,24.7833333333333,0.0833333333333997,FALSE,TRUE,290.673181208876,0.968910604028816,3.48807817450374,2.91281519274141,-23920.6831881624,27055.7730500291,TRUE,FALSE,TRUE
1,196714,"p","2020-01-07 17:47:00",24.95,TRUE,24.8666666666667,0.0833333333333002,FALSE,TRUE,290.673301430831,0.968911004769822,3.48807961717136,2.94020873676189,-24004.7816739798,27334.9366805924,TRUE,FALSE,TRUE
1,196714,"p","2020-01-07 17:52:00",25.0333333333333,TRUE,24.95,0.0833333333333002,FALSE,TRUE,290.673420949467,0.968911403165275,3.48808105139499,2.96511202379066,-24088.8801595179,27614.1003103416,TRUE,FALSE,TRUE
1,196714,"p","2020-01-07 17:57:00",25.1166666666667,TRUE,25.0333333333333,0.0833333333333997,FALSE,TRUE,290.665518756934,0.968885062522342,3.48798622508043,2.98784568471631,-24172.9760483805,27893.2563177288,TRUE,FALSE,TRUE
1,196714,"o","2020-01-07 18:01:00",25.1833333333333,TRUE,25.1166666666667,0.0666666666666025,FALSE,TRUE,220.56152473261,0.919006353053426,3.30842287099234,3.00120306747781,-24236.3780419596,28105.2071621792,TRUE,FALSE,TRUE
1,196714,"p","2020-01-07 18:02:00",25.2,TRUE,25.1833333333333,0.0166666666666977,FALSE,TRUE,24.4201452806627,0.407002421343621,1.46520871683703,2.93976329345218,-24242.2758955592,28128.9795826351,TRUE,FALSE,TRUE
1,196714,"p","2020-01-07 18:07:00",25.2833333333333,TRUE,25.2,0.0833333333333002,FALSE,TRUE,73.9974350547354,0.246658116849216,0.887969220657178,2.86084813680621,-24256.112272665,28201.8937216971,TRUE,FALSE,TRUE
1,196714,"p","2020-01-07 18:12:00",25.3666666666667,TRUE,25.2833333333333,0.0833333333333997,FALSE,TRUE,72.0881698197494,0.240293899398974,0.865058037836305,2.78692998499251,-24269.3247611922,28272.9764796102,TRUE,FALSE,TRUE
1,196714,"p","2020-01-07 18:17:00",25.45,TRUE,25.3666666666667,0.0833333333333002,FALSE,TRUE,72.0879718056008,0.240293239352098,0.865055661667554,2.71829161630234,-24282.5371825315,28344.0590402866,TRUE,FALSE,TRUE
1,196714,"p","2020-01-07 18:22:00",25.5333333333333,TRUE,25.45,0.0833333333333002,FALSE,TRUE,72.087979325664,0.240293264418975,0.865055751908312,2.65438693132323,-24295.7496038634,28415.1416009474,TRUE,FALSE,TRUE
1,196714,"p","2020-01-07 18:27:00",25.6166666666667,TRUE,25.5333333333333,0.0833333333333997,FALSE,TRUE,72.0879868744886,0.240293289581438,0.865055842493175,2.59474256169556,-24308.9620251954,28486.2241616032,TRUE,FALSE,TRUE
1,196714,"p","2020-01-07 18:32:00",25.7,TRUE,25.6166666666667,0.0833333333333002,FALSE,TRUE,72.0879944257122,0.24029331475247,0.865055933108891,2.53894621883793,-24322.1744465274,28557.3067222654,TRUE,FALSE,TRUE
1,196714,"p","2020-01-07 18:37:00",25.7833333333333,TRUE,25.7,0.0833333333333002,FALSE,TRUE,72.088002000401,0.240293340001432,0.865056024005157,2.4866371502494,-24335.3868678288,28628.389282946,TRUE,FALSE,TRUE
1,196714,"p","2020-01-07 18:42:00",25.8666666666667,TRUE,25.7833333333333,0.0833333333333997,FALSE,TRUE,72.0882191934881,0.240294063978102,0.865058630321168,2.43749840722128,-24348.5990057362,28699.4721099523,TRUE,FALSE,TRUE
1,196714,"p","2020-01-07 18:47:00",25.95,TRUE,25.8666666666667,0.0833333333333002,FALSE,TRUE,74.0966816475122,0.246988938825139,0.8891601797705,2.39195904759037,-24359.1796261958,28773.0278630371,TRUE,FALSE,TRUE
1,196714,"p","2020-01-07 18:52:00",26.0333333333333,TRUE,25.95,0.0833333333333002,FALSE,TRUE,117.929569892101,0.393098566307158,1.41515483870577,2.36405035590795,-24326.9291767352,28886.8334233192,TRUE,FALSE,TRUE
1,196714,"p","2020-01-07 18:57:00",26.1166666666667,TRUE,26.0333333333333,0.0833333333333997,FALSE,TRUE,121.02917770989,0.403430592365979,1.45235013251752,2.33872534970266,-24292.0472098268,29003.1119096846,TRUE,FALSE,TRUE
1,196714,"p","2020-01-07 19:02:00",26.2,TRUE,26.1166666666667,0.0833333333333002,FALSE,TRUE,121.029532703549,0.403431775678659,1.45235439244317,2.36337337026996,-24257.1649595245,29119.3906623675,TRUE,FALSE,TRUE
1,196714,"p","2020-01-07 19:07:00",26.2833333333333,TRUE,26.2,0.0833333333333002,FALSE,TRUE,121.02955246647,0.403431841555061,1.45235462959822,2.38802139447336,-24222.2827091913,29235.669415068,TRUE,FALSE,TRUE
1,196714,"p","2020-01-07 19:12:00",26.3666666666667,TRUE,26.2833333333333,0.0833333333333997,FALSE,TRUE,121.029572204656,0.403431907348532,1.45235486645472,2.41262334053385,-24187.4004588586,29351.9481677792,TRUE,FALSE,TRUE
1,196714,"p","2020-01-07 19:17:00",26.45,TRUE,26.3666666666667,0.0833333333333002,FALSE,TRUE,121.029591950289,0.403431973167792,1.45235510340405,2.42570234313076,-24152.5182085255,29468.2269204933,TRUE,FALSE,TRUE
1,196714,"p","2020-01-07 19:22:00",26.5333333333333,TRUE,26.45,0.0833333333333002,FALSE,TRUE,121.029611711204,0.403432039037508,1.45235534053503,2.3755689275074,-24117.6359581925,29584.5056731966,TRUE,FALSE,TRUE
1,196714,"p","2020-01-07 19:27:00",26.6166666666667,TRUE,26.5333333333333,0.0833333333333997,FALSE,TRUE,121.029630050317,0.403432100167402,1.45235556060265,2.31902507311067,-24082.7537069385,29700.784424134,TRUE,FALSE,TRUE
1,196714,"p","2020-01-07 19:32:00",26.7,TRUE,26.6166666666667,0.0833333333333002,FALSE,TRUE,121.016374646347,0.403387915487983,1.45219649575674,2.2624733208247,-24047.8629041415,29817.0467215767,TRUE,FALSE,TRUE
1,196714,"o","2020-01-07 19:36:00",26.7666666666667,TRUE,26.7,0.066666666666702,FALSE,TRUE,79.3602443997252,0.33066768499868,1.19040366599525,2.19864950572578,-24007.1897866485,29885.5049127878,TRUE,FALSE,TRUE
1,196714,"p","2020-01-07 19:37:00",26.7833333333333,TRUE,26.7666666666667,0.0166666666665982,FALSE,TRUE,62.6578074769446,1.0442967912867,3.75946844863212,2.20618856181035,-23964.2448010276,29839.5558131536,TRUE,FALSE,TRUE
1,196714,"p","2020-01-07 19:42:00",26.8666666666667,TRUE,26.7833333333333,0.0833333333333997,FALSE,TRUE,421.66736656806,1.40555788855908,5.0600083988127,2.24985368812496,-23697.9707413959,29510.6277931281,TRUE,FALSE,TRUE
1,196714,"p","2020-01-07 19:47:00",26.95,TRUE,26.8666666666667,0.0833333333333002,FALSE,TRUE,426.025125015952,1.42008375005374,5.11230150019346,2.29497136103818,-23429.6524297396,29177.7307684297,TRUE,FALSE,TRUE
1,196714,"o","2020-01-07 19:51:00",27.0166666666667,TRUE,26.95,0.066666666666702,FALSE,TRUE,350.51686974451,1.46048695726802,5.25775304616487,2.34412931507122,-23230.4849657434,28887.8134096254,TRUE,FALSE,TRUE
1,196714,"p","2020-01-07 19:52:00",27.0333333333333,TRUE,27.0166666666667,0.0166666666665982,FALSE,TRUE,133.088270366114,2.21813783944434,7.98529622199964,2.46905231766587,-23220.4741200953,28754.7163785477,TRUE,FALSE,TRUE
1,196714,"p","2020-01-07 19:57:00",27.1166666666667,TRUE,27.0333333333333,0.0833333333333997,FALSE,TRUE,758.736140837147,2.52912046945514,9.10483369003852,2.62507354355428,-23232.9849671782,27993.8955482114,TRUE,FALSE,TRUE
1,196714,"p","2020-01-07 20:02:00",27.2,TRUE,27.1166666666667,0.0833333333333002,FALSE,TRUE,762.568244290645,2.5418941476365,9.15081893149138,2.78237209750106,-23247.9895156594,27229.2748550022,TRUE,FALSE,TRUE
1,196714,"p","2020-01-07 20:07:00",27.2833333333333,TRUE,27.2,0.0833333333333002,FALSE,TRUE,762.567821719092,2.54189273906465,9.15081386063274,2.93967047077792,-23262.9943326931,26464.6537525846,TRUE,FALSE,TRUE
1,196714,"p","2020-01-07 20:12:00",27.3666666666667,TRUE,27.2833333333333,0.0833333333333997,FALSE,TRUE,762.566988834074,2.54188996277822,9.15080386600161,3.09696852656227,-23277.9991497556,25700.0326501227,TRUE,FALSE,TRUE
1,196714,"p","2020-01-07 20:17:00",27.45,TRUE,27.3666666666667,0.0833333333333002,FALSE,TRUE,762.566139951939,2.54188713317414,9.15079367942691,3.25426625946865,-23293.0039663107,24935.4115664984,TRUE,FALSE,TRUE
1,196714,"p","2020-01-07 20:22:00",27.5333333333333,TRUE,27.45,0.0833333333333002,FALSE,TRUE,762.390815715758,2.54130271905354,9.14868978859274,3.411505510993,-23308.004072929,24170.9654254467,TRUE,FALSE,TRUE
1,196714,"o","2020-01-07 20:25:00",27.5833333333333,TRUE,27.5333333333333,0.0500000000000007,FALSE,TRUE,415.77903696318,2.3098835386843,8.31558073926348,3.54560280445855,-23315.8798003026,23754.0593037612,TRUE,FALSE,TRUE
1,196714,"p","2020-01-07 20:27:00",27.6166666666667,TRUE,27.5833333333333,0.0333333333333989,FALSE,TRUE,39.424584007021,0.328538200057862,1.1827375202083,3.48156552398735,-23314.711463781,23714.5380505742,TRUE,FALSE,TRUE
1,196714,"p","2020-01-07 20:32:00",27.7,TRUE,27.6166666666667,0.0833333333333002,FALSE,TRUE,6.14629662888752,0.0204876554296332,0.0737555595466796,3.38672314921379,-23309.0634385484,23717.0315075622,TRUE,FALSE,TRUE
1,196714,"p","2020-01-07 20:37:00",27.7833333333333,TRUE,27.7,0.0833333333333002,FALSE,TRUE,6.68383045098311,0.0222794348366192,0.0802059654118292,3.29206258644521,-23303.3861328336,23720.6125380828,TRUE,FALSE,TRUE
1,196714,"p","2020-01-07 20:42:00",27.8666666666667,TRUE,27.7833333333333,0.0833333333333997,FALSE,TRUE,6.6838955205241,0.0222796517350626,0.0802067462462254,3.20238991631338,-23297.7088239658,23724.1936857183,TRUE,FALSE,TRUE
1,196714,"p","2020-01-07 20:47:00",27.95,TRUE,27.8666666666667,0.0833333333333002,FALSE,TRUE,6.68389555369999,0.0222796518456755,0.0802067466444318,3.16391763936358,-23292.0315150974,23727.7748333569,TRUE,FALSE,TRUE
1,196714,"p","2020-01-07 20:52:00",28.0333333333333,TRUE,27.95,0.0833333333333002,FALSE,TRUE,6.68389558341182,0.0222796519447149,0.0802067470009737,3.14147979287313,-23286.354206229,23731.3559810008,TRUE,FALSE,TRUE
1,196714,"p","2020-01-07 20:57:00",28.1166666666667,TRUE,28.0333333333333,0.0833333333333997,FALSE,TRUE,6.68389561163456,0.0222796520387641,0.0802067473395509,3.11967836813711,-23280.6768973606,23734.9371286555,TRUE,FALSE,TRUE
1,196714,"p","2020-01-07 21:02:00",28.2,TRUE,28.1166666666667,0.0833333333333002,FALSE,TRUE,6.68389564061184,0.0222796521353817,0.080206747687374,3.09787700941544,-23274.9995884922,23738.5182763055,TRUE,FALSE,TRUE
1,196714,"p","2020-01-07 21:07:00",28.2833333333333,TRUE,28.2,0.0833333333333002,FALSE,TRUE,6.68389566735214,0.022279652224516,0.0802067480082577,3.07607564819599,-23269.3222796237,23742.0994239459,TRUE,FALSE,TRUE
1,196714,"p","2020-01-07 21:12:00",28.3666666666667,TRUE,28.2833333333333,0.0833333333333997,FALSE,TRUE,6.68389569709063,0.0222796523236177,0.0802067483650237,3.05427428447021,-23263.6449707552,23745.6805715848,TRUE,FALSE,TRUE
1,196714,"p","2020-01-07 21:17:00",28.45,TRUE,28.3666666666667,0.0833333333333002,FALSE,TRUE,6.68389572384424,0.022279652412823,0.0802067486861628,3.03247291823625,-23257.9676618869,23749.2617192399,TRUE,FALSE,TRUE
1,196714,"p","2020-01-07 21:22:00",28.5333333333333,TRUE,28.45,0.0833333333333002,FALSE,TRUE,6.68389575210028,0.0222796525070098,0.0802067490252352,3.01067154948681,-23252.2903530185,23752.8428668903,TRUE,FALSE,TRUE
1,196714,"p","2020-01-07 21:27:00",28.6166666666667,TRUE,28.5333333333333,0.0833333333333997,FALSE,TRUE,6.68389578185874,0.0222796526061781,0.0802067493822411,2.98887010834961,-23246.6130441502,23756.4240145414,TRUE,FALSE,TRUE
1,196714,"p","2020-01-07 21:32:00",28.7,TRUE,28.6166666666667,0.0833333333333002,FALSE,TRUE,6.68389580638866,0.022279652687971,0.0802067496766958,2.9663991797359,-23240.9357352818,23760.0051621719,TRUE,FALSE,TRUE
1,196714,"p","2020-01-07 21:37:00",28.7833333333333,TRUE,28.7,0.0833333333333002,FALSE,TRUE,6.68389583856386,0.0222796527952217,0.0802067500627982,2.9293172883847,-23235.2584264134,23763.5863098274,TRUE,FALSE,TRUE
1,196714,"p","2020-01-07 21:42:00",28.8666666666667,TRUE,28.7833333333333,0.0833333333333997,FALSE,TRUE,6.68389586535075,0.0222796528844848,0.0802067503841452,2.89120219443655,-23229.581117545,23767.1674574715,TRUE,FALSE,TRUE
1,196714,"p","2020-01-07 21:47:00",28.95,TRUE,28.8666666666667,0.0833333333333002,FALSE,TRUE,6.68389589289219,0.0222796529763161,0.0802067507147382,2.85308698216632,-23223.9038086768,23770.7486051244,TRUE,FALSE,TRUE
1,196714,"p","2020-01-07 21:52:00",29.0333333333333,TRUE,28.95,0.0833333333333002,FALSE,TRUE,6.68389592060002,0.0222796530686756,0.0802067510472322,2.81497176331768,-23218.2264998083,23774.3297527639,TRUE,FALSE,TRUE
1,196714,"p","2020-01-07 21:57:00",29.1166666666667,TRUE,29.0333333333333,0.0833333333333997,FALSE,TRUE,6.6838959505582,0.0222796531685096,0.0802067514066346,2.77685653789968,-23212.5491909398,23777.9109004142,TRUE,FALSE,TRUE
1,196714,"p","2020-01-07 22:02:00",29.2,TRUE,29.1166666666667,0.0833333333333002,FALSE,TRUE,6.68389597705221,0.0222796532568496,0.0802067517246585,2.73874130590858,-23206.8718820718,23781.4920480588,TRUE,FALSE,TRUE
1,196714,"p","2020-01-07 22:07:00",29.2833333333333,TRUE,29.2,0.0833333333333002,FALSE,TRUE,6.68389600750296,0.0222796533583521,0.0802067520900674,2.70062606734067,-23201.1945732031,23785.0731957059,TRUE,FALSE,TRUE
1,196714,"p","2020-01-07 22:12:00",29.3666666666667,TRUE,29.2833333333333,0.0833333333333997,FALSE,TRUE,6.68389603251447,0.0222796534416972,0.0802067523901099,2.6625108226681,-23195.5172643348,23788.6543433441,TRUE,FALSE,TRUE
1,196714,"p","2020-01-07 22:17:00",29.45,TRUE,29.3666666666667,0.0833333333333002,FALSE,TRUE,6.6838960635667,0.0222796535452312,0.0802067527628323,2.62439999647382,-23189.8399554662,23792.235490997,TRUE,FALSE,TRUE
1,196714,"p","2020-01-07 22:22:00",29.5333333333333,TRUE,29.45,0.0833333333333002,FALSE,TRUE,6.68389608933942,0.0222796536311403,0.080206753072105,2.59356119333707,-23184.1626465981,23795.81663865,TRUE,FALSE,TRUE
1,196714,"p","2020-01-07 22:27:00",29.6166666666667,TRUE,29.5333333333333,0.0833333333333997,FALSE,TRUE,6.6838961187494,0.022279653729147,0.080206753424929,2.49135947958131,-23178.4853377297,23799.3977862958,TRUE,FALSE,TRUE
1,196714,"p","2020-01-07 22:32:00",29.7,TRUE,29.6166666666667,0.0833333333333002,FALSE,TRUE,6.68389614651049,0.0222796538217105,0.0802067537581578,2.35303165610758,-23172.8080288613,23802.9789339395,TRUE,FALSE,TRUE
1,196714,"p","2020-01-07 22:37:00",29.7833333333333,TRUE,29.7,0.0833333333333002,FALSE,TRUE,6.68389617577404,0.0222796539192557,0.0802067541093204,2.21325124649413,-23167.1307199928,23806.5600815835,TRUE,FALSE,TRUE
1,196714,"p","2020-01-07 22:42:00",29.8666666666667,TRUE,29.7833333333333,0.0833333333333997,FALSE,TRUE,6.68389620429635,0.0222796540143035,0.0802067544514924,2.06943051616876,-23161.4534111244,23810.1412292324,TRUE,FALSE,TRUE
1,196714,"p","2020-01-07 22:47:00",29.95,TRUE,29.8666666666667,0.0833333333333002,FALSE,TRUE,6.68389623042183,0.022279654101415,0.0802067547650939,1.84984469763446,-23155.776102256,23813.7223768789,TRUE,FALSE,TRUE
1,196714,"p","2020-01-07 22:52:00",30.0333333333333,TRUE,29.95,0.0833333333333002,FALSE,TRUE,6.68389626045328,0.0222796542015198,0.0802067551254713,1.5991606161091,-23150.0987933877,23817.3035245246,TRUE,FALSE,TRUE
1,196714,"p","2020-01-07 22:57:00",30.1166666666667,TRUE,30.0333333333333,0.0833333333333997,FALSE,TRUE,6.68389628765947,0.0222796542921805,0.0802067554518498,1.34719916677467,-23144.4214845193,23820.8846721703,TRUE,FALSE,TRUE
2,196714,"p","2020-01-09 09:57:00",65.1166666666667,TRUE,65.0333333333333,0.0833333333333997,FALSE,TRUE,1239.37976333538,4.13126587778132,14.8725571600128,1.23896734620379,-23300.3470635493,26371.338069199,TRUE,TRUE,TRUE
2,196714,"p","2020-01-09 10:02:00",65.2,TRUE,65.1166666666667,0.0833333333333002,FALSE,TRUE,1239.3820063808,4.13127335460432,14.8725840765756,1.64986671255865,-24449.3948925629,26850.5425737867,TRUE,FALSE,TRUE
2,196714,"p","2020-01-09 10:07:00",65.2833333333333,TRUE,65.2,0.0833333333333002,FALSE,TRUE,1239.38291919638,4.1312763973229,14.8725950303624,2.06076638317498,-25598.4425722647,27329.7470077097,TRUE,FALSE,TRUE
2,196714,"p","2020-01-09 10:12:00",65.3666666666667,TRUE,65.2833333333333,0.0833333333333997,FALSE,TRUE,1237.85735192527,4.12619117308096,14.8542882230914,2.47115753135758,-26746.1026916636,27808.2947071231,TRUE,FALSE,TRUE
2,196714,"o","2020-01-09 10:14:00",65.4,TRUE,65.3666666666667,0.033333333333303,FALSE,TRUE,438.274372485757,3.65228643738463,13.1482311745847,2.83415820596097,-27153.4717966637,27975.2464882664,TRUE,FALSE,TRUE
2,196714,"p","2020-01-09 10:17:00",65.45,TRUE,65.4,0.0499999999999972,FALSE,TRUE,157.836019804502,0.87686677669173,3.15672039609023,2.91961691448567,-27308.2572638354,28009.7216998349,TRUE,FALSE,TRUE
2,196714,"p","2020-01-09 10:22:00",65.5333333333333,TRUE,65.45,0.0833333333333002,FALSE,TRUE,169.068379213437,0.563561264045016,2.02882055056206,2.97374507173591,-27477.4318622895,28025.150645723,TRUE,FALSE,TRUE
2,196714,"p","2020-01-09 10:27:00",65.6166666666667,TRUE,65.5333333333333,0.0833333333333997,FALSE,TRUE,168.833265054671,0.56277755018179,2.02599918065444,3.02779485758989,-27646.3792647097,28040.4697051976,TRUE,FALSE,TRUE
2,196714,"o","2020-01-09 10:31:00",65.6833333333333,TRUE,65.6166666666667,0.0666666666665918,FALSE,TRUE,128.709356335645,0.536288984732457,1.93064034503684,3.07919578688953,-27775.5701750632,28046.3879095346,TRUE,FALSE,TRUE
2,196714,"p","2020-01-09 10:32:00",65.7,TRUE,65.6833333333333,0.0166666666667084,FALSE,TRUE,22.4269827289962,0.373783045482335,1.3456189637364,3.11434612225436,-27792.5410161795,28031.5900804315,TRUE,FALSE,TRUE
2,196714,"p","2020-01-09 10:37:00",65.7833333333333,TRUE,65.7,0.0833333333333002,FALSE,TRUE,116.258348602783,0.387527828676097,1.39510018323395,3.15087093592866,-27853.2900631217,27932.0008998542,TRUE,FALSE,TRUE
2,196714,"p","2020-01-09 10:42:00",65.8666666666667,TRUE,65.7833333333333,0.0833333333333997,FALSE,TRUE,116.637891188146,0.388792970626844,1.39965469425664,3.18752226378894,-27913.0783333442,27831.3913601866,TRUE,FALSE,TRUE
2,196714,"p","2020-01-09 10:47:00",65.95,TRUE,65.8666666666667,0.0833333333333002,FALSE,TRUE,116.637917251278,0.388793057504415,1.39965500701589,3.22417360032737,-27972.8665000987,27730.7817106345,TRUE,FALSE,TRUE
2,196714,"p","2020-01-09 10:52:00",66.0333333333333,TRUE,65.95,0.0833333333333002,FALSE,TRUE,116.637901604937,0.388793005349945,1.3996548192598,3.26082493164014,-28032.6546668373,27630.1720610741,TRUE,FALSE,TRUE
2,196714,"p","2020-01-09 10:57:00",66.1166666666667,TRUE,66.0333333333333,0.0833333333333997,FALSE,TRUE,116.637818205889,0.388792727352655,1.39965381846956,3.29747623514353,-28092.4427876959,27529.5624633756,TRUE,FALSE,TRUE
2,196714,"p","2020-01-09 11:02:00",66.2,TRUE,66.1166666666667,0.0833333333333002,FALSE,TRUE,116.008549609454,0.386695165365,1.392102595314,3.33391778243878,-28151.8048843494,27429.4344668768,TRUE,FALSE,TRUE
2,196714,"o","2020-01-09 11:03:00",66.2166666666667,TRUE,66.2,0.0166666666666941,FALSE,TRUE,20.0536174209938,0.334226957016012,1.20321704525764,3.36511250888947,-28161.5395788889,27411.8254693091,TRUE,FALSE,TRUE
2,196714,"p","2020-01-09 11:07:00",66.2833333333333,TRUE,66.2166666666667,0.066666666666606,FALSE,TRUE,41.282350595725,0.172009794149011,0.619235258936438,3.38008551904384,-28173.2935824763,27372.1206438662,TRUE,FALSE,TRUE
2,196714,"p","2020-01-09 11:12:00",66.3666666666667,TRUE,66.2833333333333,0.0833333333333997,FALSE,TRUE,47.1419034314489,0.157139678104705,0.565702841176937,3.39357151758406,-28184.6787587259,27326.2283978722,TRUE,FALSE,TRUE
2,196714,"p","2020-01-09 11:17:00",66.45,TRUE,66.3666666666667,0.0833333333333002,FALSE,TRUE,47.1395362350862,0.15713178745035,0.56567443482126,3.40705672704902,-28196.0621618412,27280.3381563366,TRUE,FALSE,TRUE
2,196714,"p","2020-01-09 11:22:00",66.5333333333333,TRUE,66.45,0.0833333333333002,FALSE,TRUE,47.1395945095085,0.157131981698424,0.565675134114327,3.42054195592922,-28207.4456903438,27234.4478824597,TRUE,FALSE,TRUE
2,196714,"p","2020-01-09 11:27:00",66.6166666666667,TRUE,66.5333333333333,0.0833333333333997,FALSE,TRUE,47.7226848142606,0.159075616047409,0.572672217770672,3.43422154823523,-28219.9953036019,27188.2553320868,TRUE,FALSE,TRUE
2,196714,"p","2020-01-09 11:32:00",66.7,TRUE,66.6166666666667,0.0833333333333002,FALSE,TRUE,59.8497578548333,0.199499192849524,0.718197094258285,3.45194349821098,-28251.5243303278,27137.1428728858,TRUE,FALSE,TRUE
2,196714,"p","2020-01-09 11:37:00",66.7833333333333,TRUE,66.7,0.0833333333333002,FALSE,TRUE,60.7205056573982,0.202401685524741,0.728646067889068,3.46995569744517,-28284.2194418092,27085.7281371722,TRUE,FALSE,TRUE
2,196714,"p","2020-01-09 11:42:00",66.8666666666667,TRUE,66.7833333333333,0.0833333333333997,FALSE,TRUE,60.7205959116618,0.202401986372045,0.728647150939362,3.48796792675375,-28316.9146788689,27034.3133689195,TRUE,FALSE,TRUE
3,196714,"p","2020-01-09 15:42:00",70.8666666666667,TRUE,70.7833333333333,0.0833333333333997,FALSE,TRUE,407.628341609529,1.35876113869735,4.89154009931046,4.89154009931046,-31975.9268020175,25883.7046039069,TRUE,TRUE,TRUE
3,196714,"p","2020-01-09 15:47:00",70.95,TRUE,70.8666666666667,0.0833333333333002,FALSE,TRUE,407.628515345676,1.35876171781946,4.89154218415006,4.89154114173026,-32298.5826855508,26135.5099732785,TRUE,FALSE,TRUE
3,196714,"p","2020-01-09 15:52:00",71.0333333333333,TRUE,70.95,0.0833333333333002,FALSE,TRUE,407.628689522952,1.35876229841038,4.89154427427737,4.89154218591263,-32621.238569084,26387.3153426489,TRUE,FALSE,TRUE
3,196714,"p","2020-01-09 15:57:00",71.1166666666667,TRUE,71.0333333333333,0.0833333333333997,FALSE,TRUE,407.628864133858,1.35876288044511,4.89154636960241,4.89154323183508,-32943.894452617,26639.1207120208,TRUE,FALSE,TRUE
3,196714,"p","2020-01-09 16:02:00",71.2,TRUE,71.1166666666667,0.0833333333333002,FALSE,TRUE,407.629039187313,1.35876346395825,4.8915484702497,4.891544279518,-33266.5503361504,26890.9260813919,TRUE,FALSE,TRUE
3,196714,"p","2020-01-09 16:07:00",71.2833333333333,TRUE,71.2,0.0833333333333002,FALSE,TRUE,407.629214678887,1.35876404893016,4.89155057614859,4.89154532895643,-33589.2062196837,27142.7314507669,TRUE,FALSE,TRUE
3,196714,"p","2020-01-09 16:12:00",71.3666666666667,TRUE,71.2833333333333,0.0833333333333997,FALSE,TRUE,407.629390609293,1.35876463536323,4.89155268730763,4.89154638014946,-33911.8621032169,27394.5368201316,TRUE,FALSE,TRUE
3,196714,"p","2020-01-09 16:17:00",71.45,TRUE,71.3666666666667,0.0833333333333002,FALSE,TRUE,407.629566978655,1.35876522326272,4.8915548037458,4.891547433099,-34234.5179867499,27646.3421895029,TRUE,FALSE,TRUE
3,196714,"p","2020-01-09 16:22:00",71.5333333333333,TRUE,71.45,0.0833333333333002,FALSE,TRUE,407.62974378563,1.35876581261931,4.8915569254295,4.89154848780239,-34557.1738702829,27898.1475588764,TRUE,FALSE,TRUE
3,196714,"p","2020-01-09 16:27:00",71.6166666666667,TRUE,71.5333333333333,0.0833333333333997,FALSE,TRUE,407.629921032251,1.35876640343976,4.89155905238312,4.89154954426047,-34879.8297538162,28149.9529282491,TRUE,FALSE,TRUE
3,196714,"p","2020-01-09 16:32:00",71.7,TRUE,71.6166666666667,0.0833333333333002,FALSE,TRUE,407.630098719962,1.35876699573375,4.89156118464149,4.89155060247692,-35202.4856373495,28401.758297625,TRUE,FALSE,TRUE
3,196714,"p","2020-01-09 16:37:00",71.7833333333333,TRUE,71.7,0.0833333333333002,FALSE,TRUE,407.630276840532,1.35876758946898,4.89156332208832,4.89155166244454,-35525.1415208828,28653.5636669942,TRUE,FALSE,TRUE
3,196714,"p","2020-01-09 16:42:00",71.8666666666667,TRUE,71.7833333333333,0.0833333333333997,FALSE,TRUE,407.630455404353,1.35876818468009,4.89156546484834,4.89155272416791,-35847.7974044157,28905.3690363614,TRUE,FALSE,TRUE
3,196714,"p","2020-01-09 16:47:00",71.95,TRUE,71.8666666666667,0.0833333333333002,FALSE,TRUE,407.630634256691,1.35876878085618,4.89156761108224,4.89155378751893,-36170.4532878529,29157.1744056072,TRUE,FALSE,TRUE
3,196714,"p","2020-01-09 16:52:00",72.0333333333333,TRUE,71.95,0.0833333333333002,FALSE,TRUE,407.629416545852,1.35876472182005,4.89155299855217,4.89155373492115,-36493.1082804453,29408.9786372907,TRUE,FALSE,TRUE
3,196714,"p","2020-01-09 16:57:00",72.1166666666667,TRUE,72.0333333333333,0.0833333333333997,FALSE,TRUE,394.669228086929,1.31556409362205,4.73603073703938,4.88183354755354,-36807.49113642,29650.2196947503,TRUE,FALSE,TRUE
3,196714,"p","2020-01-09 17:02:00",72.2,TRUE,72.1166666666667,0.0833333333333002,FALSE,TRUE,191.775367847831,0.639251226159692,2.30130441417489,4.73003771617832,-36987.2351504208,29719.5325539369,TRUE,FALSE,TRUE
3,196714,"p","2020-01-09 17:07:00",72.2833333333333,TRUE,72.2,0.0833333333333002,FALSE,TRUE,180.430072216608,0.601433574055598,2.16516086660015,4.58754455786842,-37158.7070278038,29778.2822389129,TRUE,FALSE,TRUE
3,196714,"p","2020-01-09 17:12:00",72.3666666666667,TRUE,72.2833333333333,0.0833333333333997,FALSE,TRUE,180.428888177231,0.601429627256956,2.16514665812504,4.46004993156614,-37330.178014342,29837.0307863068,TRUE,FALSE,TRUE
3,196714,"p","2020-01-09 17:17:00",72.45,TRUE,72.3666666666667,0.0833333333333002,FALSE,TRUE,180.428910924287,0.601429703081197,2.16514693109231,4.34530478154245,-37501.6490007843,29895.7793335882,TRUE,FALSE,TRUE
3,196714,"p","2020-01-09 17:22:00",72.5333333333333,TRUE,72.45,0.0833333333333002,FALSE,TRUE,180.428933839123,0.601429779463982,2.16514720607033,4.24148775413901,-37673.1199872267,29954.5278808625,TRUE,FALSE,TRUE
3,196714,"p","2020-01-09 17:27:00",72.6166666666667,TRUE,72.5333333333333,0.0833333333333997,FALSE,TRUE,180.428956792652,0.601429855975028,2.1651474815101,4.1471086508377,-37844.5909736689,30013.2764281446,TRUE,FALSE,TRUE
3,196714,"p","2020-01-09 17:32:00",72.7,TRUE,72.6166666666667,0.0833333333333002,FALSE,TRUE,180.428979783787,0.601429932612863,2.16514775740631,4.06093643807981,-38016.0619601112,30072.0249754231,TRUE,FALSE,TRUE
3,196714,"p","2020-01-09 17:37:00",72.7833333333333,TRUE,72.7,0.0833333333333002,FALSE,TRUE,180.429002813023,0.601430009376983,2.16514803375714,3.98194525456637,-38187.5329465535,30130.7735226947,TRUE,FALSE,TRUE
3,196714,"p","2020-01-09 17:42:00",72.8666666666667,TRUE,72.7833333333333,0.0833333333333997,FALSE,TRUE,180.429025880561,0.601430086268058,2.16514831056501,3.90927337680631,-38359.0039329956,30189.5220699796,TRUE,FALSE,TRUE
3,196714,"p","2020-01-09 17:47:00",72.95,TRUE,72.8666666666667,0.0833333333333002,FALSE,TRUE,180.429048987376,0.601430163291492,2.16514858784937,3.84219165415412,-38530.474919438,30248.2706172505,TRUE,FALSE,TRUE
3,196714,"p","2020-01-09 17:52:00",73.0333333333333,TRUE,72.95,0.0833333333333002,FALSE,TRUE,180.429072131838,0.601430240439698,2.16514886558291,3.78007895828112,-38701.9459058802,30307.0191645282,TRUE,FALSE,TRUE
3,196714,"p","2020-01-09 17:57:00",73.1166666666667,TRUE,73.0333333333333,0.0833333333333997,FALSE,TRUE,180.429095315215,0.601430317716904,2.16514914378085,3.72240289347754,-38873.4168923225,30365.767711808,TRUE,FALSE,TRUE
3,196714,"p","2020-01-09 18:02:00",73.2,TRUE,73.1166666666667,0.0833333333333002,FALSE,TRUE,180.429118535645,0.601430395119056,2.1651494224286,3.66870449792412,-39044.8878787647,30424.5162590859,TRUE,FALSE,TRUE
3,196714,"p","2020-01-09 18:07:00",73.2833333333333,TRUE,73.2,0.0833333333333002,FALSE,TRUE,180.429141795456,0.60143047265176,2.16514970154633,3.61858600471153,-39216.358865207,30483.2648063609,TRUE,FALSE,TRUE
3,196714,"p","2020-01-09 18:12:00",73.3666666666667,TRUE,73.2833333333333,0.0833333333333997,FALSE,TRUE,180.429164447792,0.601430548158829,2.16514997337178,3.57170097144251,-39387.8298507334,30542.0133543095,TRUE,FALSE,TRUE
3,196714,"p","2020-01-09 18:17:00",73.45,TRUE,73.3666666666667,0.0833333333333002,FALSE,TRUE,180.423198329918,0.601410661099966,2.16507837995988,3.52774401545867,-39559.2923342163,30600.7681209013,TRUE,FALSE,TRUE
3,196714,"o","2020-01-09 18:21:00",73.5166666666667,TRUE,73.45,0.0666666666666913,FALSE,TRUE,136.010000504126,0.566708335433647,2.04015000756113,3.48266540915875,-39683.7757076491,30657.0512953988,TRUE,FALSE,TRUE
3,196714,"p","2020-01-09 18:22:00",73.5333333333333,TRUE,73.5166666666667,0.0166666666666089,FALSE,TRUE,37.8250341197426,0.630417235331229,2.26950204719243,3.4469841338068,-39682.3095673074,30694.9571649914,TRUE,FALSE,TRUE
3,196714,"p","2020-01-09 18:27:00",73.6166666666667,TRUE,73.5333333333333,0.0833333333333997,FALSE,TRUE,233.748574418026,0.779161914726133,2.80498289301408,3.42864124121272,-39623.7281165869,30921.9728144269,TRUE,FALSE,TRUE
3,196714,"p","2020-01-09 18:32:00",73.7,TRUE,73.6166666666667,0.0833333333333002,FALSE,TRUE,235.70379141538,0.785679304718247,2.82844549698569,3.41196913720641,-39563.1039277444,31150.4825824569,TRUE,FALSE,TRUE
3,196714,"p","2020-01-09 18:37:00",73.7833333333333,TRUE,73.7,0.0833333333333002,FALSE,TRUE,235.704077621138,0.785680258737439,2.82844893145478,3.35466104921042,-39502.4795189145,31378.9925113932,TRUE,FALSE,TRUE
3,196714,"p","2020-01-09 18:42:00",73.8666666666667,TRUE,73.7833333333333,0.0833333333333997,FALSE,TRUE,235.704152800976,0.78568050933596,2.82844983360946,3.29735292836207,-39441.8551100611,31607.5024403412,TRUE,FALSE,TRUE
3,196714,"p","2020-01-09 18:47:00",73.95,TRUE,73.8666666666667,0.0833333333333002,FALSE,TRUE,235.704228039323,0.785680760131391,2.82845073647301,3.24004477453417,-39381.2307012078,31836.0123692975,TRUE,FALSE,TRUE
3,196714,"p","2020-01-09 18:52:00",74.0333333333333,TRUE,73.95,0.0833333333333002,FALSE,TRUE,235.70430336705,0.785681011223813,2.82845164040573,3.18273658761204,-39320.6062923543,32064.5222982517,TRUE,FALSE,TRUE
3,196714,"p","2020-01-09 18:57:00",74.1166666666667,TRUE,74.0333333333333,0.0833333333333997,FALSE,TRUE,235.704378771636,0.785681262571496,2.82845254525739,3.12542836747337,-39259.981883501,32293.0322272011,TRUE,FALSE,TRUE
3,196714,"p","2020-01-09 19:02:00",74.2,TRUE,74.1166666666667,0.0833333333333002,FALSE,TRUE,235.704454265534,0.785681514218759,2.82845345118753,3.06812011400223,-39199.3574746475,32521.5421561592,TRUE,FALSE,TRUE
3,196714,"p","2020-01-09 19:07:00",74.2833333333333,TRUE,74.2,0.0833333333333002,FALSE,TRUE,235.704529841622,0.785681766139051,2.82845435810058,3.01081182707981,-39138.7330657943,32750.0520851166,TRUE,FALSE,TRUE
3,196714,"p","2020-01-09 19:12:00",74.3666666666667,TRUE,74.2833333333333,0.0833333333333997,FALSE,TRUE,235.704605500091,0.785682018333011,2.82845526599884,2.95350350658684,-39078.108656941,32978.5620140635,TRUE,FALSE,TRUE
3,196714,"p","2020-01-09 19:17:00",74.45,TRUE,74.3666666666667,0.0833333333333002,FALSE,TRUE,235.704681242295,0.785682270807962,2.82845617490866,2.8961951524057,-39017.4842480873,33207.0719430214,TRUE,FALSE,TRUE
3,196714,"p","2020-01-09 19:22:00",74.5333333333333,TRUE,74.45,0.0833333333333002,FALSE,TRUE,235.704757071861,0.785682523573181,2.82845708486345,2.83888676441905,-38956.859839234,33435.5818719673,TRUE,FALSE,TRUE
3,196714,"p","2020-01-09 19:27:00",74.6166666666667,TRUE,74.5333333333333,0.0833333333333997,FALSE,TRUE,235.704832981056,0.785682776602896,2.82845799577043,2.78157834250596,-38896.2354303805,33664.091800923,TRUE,FALSE,TRUE
3,196714,"p","2020-01-09 19:32:00",74.7,TRUE,74.6166666666667,0.0833333333333002,FALSE,TRUE,235.704908976384,0.785683029921591,2.82845890771773,2.72426988655122,-38835.6110215271,33892.6017298793,TRUE,FALSE,TRUE
3,196714,"p","2020-01-09 19:37:00",74.7833333333333,TRUE,74.7,0.0833333333333002,FALSE,TRUE,235.704985055059,0.785683283517175,2.82845982066183,2.66696139643493,-38774.9866126738,34121.1116588336,TRUE,FALSE,TRUE
3,196714,"p","2020-01-09 19:42:00",74.8666666666667,TRUE,74.7833333333333,0.0833333333333997,FALSE,TRUE,235.705061217223,0.785683537390117,2.82846073460442,2.60965287208833,-38714.3622038204,34349.621587792,TRUE,FALSE,TRUE
3,196714,"p","2020-01-09 19:47:00",74.95,TRUE,74.8666666666667,0.0833333333333002,FALSE,TRUE,235.705137461725,0.785683791539396,2.82846164954183,2.55234477906026,-38653.7377949756,34578.131516742,TRUE,FALSE,TRUE
3,196714,"p","2020-01-09 19:52:00",75.0333333333333,TRUE,74.95,0.0833333333333002,FALSE,TRUE,235.705182188097,0.785683940627303,2.82846218625829,2.49935676376079,-38593.1134637877,34806.6414334321,TRUE,FALSE,TRUE
3,196714,"p","2020-01-09 19:57:00",75.1166666666667,TRUE,75.0333333333333,0.0833333333333997,FALSE,TRUE,235.412764263914,0.784709214212421,2.82495317116472,2.51390256256606,-38533.2102370811,35035.0374850793,TRUE,FALSE,TRUE
3,196714,"o","2020-01-09 19:59:00",75.15,TRUE,75.1166666666667,0.033333333333303,FALSE,TRUE,86.9146926575363,0.724289105480128,2.60744077972846,2.52618811570851,-38536.1144129255,35122.153749882,TRUE,FALSE,TRUE
3,196714,"p","2020-01-09 20:02:00",75.2,TRUE,75.15,0.0499999999999972,FALSE,TRUE,257.681284243552,1.43156269024204,5.15362568487134,2.60920142200702,-38777.5897668819,35215.3861717643,TRUE,FALSE,TRUE
3,196714,"p","2020-01-09 20:07:00",75.2833333333333,TRUE,75.2,0.0833333333333002,FALSE,TRUE,470.262979260456,1.56754326420214,5.64315575112772,2.70581277811911,-39226.1979841701,35363.4863984461,TRUE,FALSE,TRUE
3,196714,"p","2020-01-09 20:12:00",75.3666666666667,TRUE,75.2833333333333,0.0833333333333997,FALSE,TRUE,470.365375045504,1.56788458348376,5.64438450054155,2.80245825852109,-39674.9206507608,35511.5677666199,TRUE,FALSE,TRUE
3,196714,"p","2020-01-09 20:17:00",75.45,TRUE,75.3666666666667,0.0833333333333002,FALSE,TRUE,455.23566265637,1.51745220885517,5.46282795187861,2.89406049380911,-40109.3008221985,35654.6103428359,TRUE,FALSE,TRUE
3,196714,"p","2020-01-09 20:22:00",75.5333333333333,TRUE,75.45,0.0833333333333002,FALSE,TRUE,209.03717679108,0.696790589303877,2.50844612149396,2.90359655947821,-40310.2396580327,35715.6406312552,TRUE,FALSE,TRUE
3,196714,"p","2020-01-09 20:27:00",75.6166666666667,TRUE,75.5333333333333,0.0833333333333997,FALSE,TRUE,193.9195693405,0.646398564467819,2.32703483208415,2.90809341498729,-40496.8359844114,35771.6321302597,TRUE,FALSE,TRUE
3,196714,"p","2020-01-09 20:32:00",75.7,TRUE,75.6166666666667,0.0833333333333002,FALSE,TRUE,193.903495548382,0.646344985161529,2.3268419465815,2.91258490487664,-40683.4139560525,35827.6284843,TRUE,FALSE,TRUE
3,196714,"o","2020-01-09 20:36:00",75.7666666666667,TRUE,75.7,0.0666666666666913,FALSE,TRUE,134.355478679749,0.559814494498745,2.01533218019548,2.90842333799736,-40807.5924804596,35880.4798817602,TRUE,FALSE,TRUE
3,196714,"p","2020-01-09 20:37:00",75.7833333333333,TRUE,75.7666666666667,0.0166666666666089,FALSE,TRUE,47.3987038526456,0.789978397546832,2.84392223116859,2.92727815370808,-40774.20643344,35914.3811371394,TRUE,FALSE,TRUE
3,196714,"p","2020-01-09 20:42:00",75.8666666666667,TRUE,75.7833333333333,0.0833333333333997,FALSE,TRUE,334.459642412247,1.1148654747066,4.01351570894377,2.97862166940705,-40505.9436987356,36116.4248318747,TRUE,FALSE,TRUE
3,196714,"p","2020-01-09 20:47:00",75.95,TRUE,75.8666666666667,0.0833333333333002,FALSE,TRUE,338.450027146948,1.12816675715694,4.06140032576499,3.03129530561084,-40233.6420813997,36319.7653939671,TRUE,FALSE,TRUE
3,196714,"p","2020-01-09 20:52:00",76.0333333333333,TRUE,75.95,0.0833333333333002,FALSE,TRUE,338.450536126089,1.12816845375408,4.06140643351469,3.08396910372107,-39961.3400291081,36523.106095737,TRUE,FALSE,TRUE
3,196714,"p","2020-01-09 20:57:00",76.1166666666667,TRUE,76.0333333333333,0.0833333333333997,FALSE,TRUE,338.450615375395,1.12816871791708,4.0614073845015,3.13664292069689,-39689.0379767696,36726.4467975097,TRUE,FALSE,TRUE
3,196714,"p","2020-01-09 21:02:00",76.2,TRUE,76.1166666666667,0.0833333333333002,FALSE,TRUE,338.450694831783,1.12816898277306,4.06140833798301,3.1893187528642,-39416.7359244308,36929.7874992776,TRUE,FALSE,TRUE
3,196714,"p","2020-01-09 21:07:00",76.2833333333333,TRUE,76.2,0.0833333333333002,FALSE,TRUE,338.450774538807,1.12816924846314,4.0614092944673,3.24546484416715,-39144.4338720922,37133.1282010495,TRUE,FALSE,TRUE
3,196714,"p","2020-01-09 21:12:00",76.3666666666667,TRUE,76.2833333333333,0.0833333333333997,FALSE,TRUE,338.4508544951,1.12816951498277,4.06141025393797,3.29524007213231,-38872.1318197534,37336.4689028212,TRUE,FALSE,TRUE
3,196714,"p","2020-01-09 21:17:00",76.45,TRUE,76.3666666666667,0.0833333333333002,FALSE,TRUE,338.450934707271,1.12816978235802,4.06141121648886,3.33014085889549,-38599.8297674151,37539.8096045957,TRUE,FALSE,TRUE
3,196714,"p","2020-01-09 21:22:00",76.5333333333333,TRUE,76.45,0.0833333333333002,FALSE,TRUE,338.451015166207,1.12817005055447,4.0614121819961,3.36438993347912,-38327.5277150762,37743.1503063773,TRUE,FALSE,TRUE
3,196714,"p","2020-01-09 21:27:00",76.6166666666667,TRUE,76.5333333333333,0.0833333333333997,FALSE,TRUE,338.45109587844,1.1281703195939,4.06141315053804,3.39863893956476,-38055.2256627375,37946.4910081458,TRUE,FALSE,TRUE
3,196714,"p","2020-01-09 21:32:00",76.7,TRUE,76.6166666666667,0.0833333333333002,FALSE,TRUE,338.451176809652,1.12817058936595,4.06141412171743,3.43288794756776,-37782.9236104247,38149.8317098975,TRUE,FALSE,TRUE
3,196714,"p","2020-01-09 21:37:00",76.7833333333333,TRUE,76.7,0.0833333333333002,FALSE,TRUE,338.450953195397,1.12816984398511,4.06141143834638,3.46713685595313,-37510.6217955771,38353.1722181269,TRUE,FALSE,TRUE
3,196714,"p","2020-01-09 21:42:00",76.8666666666667,TRUE,76.7833333333333,0.0833333333333997,FALSE,TRUE,335.620494562641,1.11873498187458,4.02744593474849,3.50044225301821,-37240.5250187572,38554.7156821109,TRUE,FALSE,TRUE
3,196714,"o","2020-01-09 21:43:00",76.8833333333333,TRUE,76.8666666666667,0.0166666666665947,FALSE,TRUE,52.9244862319094,0.882074770535633,3.17546917392828,3.51008160381462,-37197.5702094825,38586.0070797138,TRUE,FALSE,TRUE
3,196714,"p","2020-01-09 21:47:00",76.95,TRUE,76.8833333333333,0.0666666666667055,FALSE,TRUE,32.6867071232628,0.136194613013516,0.490300606848657,3.4451329136941,-37166.4553289149,38596.5025600366,TRUE,FALSE,TRUE
3,196714,"p","2020-01-09 21:52:00",77.0333333333333,TRUE,76.95,0.0833333333333002,FALSE,TRUE,21.6873845157075,0.0722912817190539,0.260248614188594,3.3737938652521,-37144.6799680454,38595.6710243796,TRUE,FALSE,TRUE
3,196714,"p","2020-01-09 21:57:00",77.1166666666667,TRUE,77.0333333333333,0.0833333333333997,FALSE,TRUE,21.678544128006,0.0722618137599626,0.260142529535865,3.3024518447948,-37122.9137847256,38594.8320092734,TRUE,FALSE,TRUE
3,196714,"p","2020-01-09 22:02:00",77.2,TRUE,77.1166666666667,0.0833333333333002,FALSE,TRUE,21.6785430358047,0.0722618101193779,0.26014251642976,3.23110979872594,-37101.1476023936,38593.9929933578,TRUE,FALSE,TRUE
3,196714,"p","2020-01-09 22:07:00",77.2833333333333,TRUE,77.2,0.0833333333333002,FALSE,TRUE,21.6785428985556,0.0722618096618808,0.260142514782771,3.15976772733481,-37079.3814200583,38593.1539774454,TRUE,FALSE,TRUE
3,196714,"p","2020-01-09 22:12:00",77.3666666666667,TRUE,77.2833333333333,0.0833333333333997,FALSE,TRUE,21.6785759173673,0.0722619197245003,0.260142911008201,3.08842564164697,-37057.6152046379,38592.314954868,TRUE,FALSE,TRUE
3,196714,"p","2020-01-09 22:17:00",77.45,TRUE,77.3666666666667,0.0833333333333002,FALSE,TRUE,21.9865440331279,0.0732884801104554,0.26383852839764,3.01718618666585,-37035.5417697054,38591.4140124267,TRUE,FALSE,TRUE
3,196714,"o","2020-01-09 22:19:00",77.4833333333333,TRUE,77.45,0.033333333333303,FALSE,TRUE,20.3530627742367,0.169608856452126,0.610591883227655,2.95557874395935,-37015.2666264414,38588.7467491675,TRUE,FALSE,TRUE
3,196714,"p","2020-01-09 22:22:00",77.5333333333333,TRUE,77.4833333333333,0.0499999999999972,FALSE,TRUE,133.045531163205,0.739141839795628,2.66091062326426,2.9509245741999,-36883.8316421445,38564.3848911676,TRUE,FALSE,TRUE
3,196714,"p","2020-01-09 22:27:00",77.6166666666667,TRUE,77.5333333333333,0.0833333333333997,FALSE,TRUE,241.701639396554,0.805672131321206,2.90041967275634,2.95292340817808,-36645.1132122053,38519.8198883646,TRUE,FALSE,TRUE
3,196714,"p","2020-01-09 22:32:00",77.7,TRUE,77.6166666666667,0.0833333333333002,FALSE,TRUE,228.269455921928,0.76089818640673,2.73923347106423,2.95044483275602,-36418.7214229485,38483.0974159071,TRUE,FALSE,TRUE
3,196714,"p","2020-01-09 22:37:00",77.7833333333333,TRUE,77.7,0.0833333333333002,FALSE,TRUE,94.1594409928814,0.313864803309729,1.12991329191503,2.90336039166576,-36393.764673999,38574.1835457685,TRUE,FALSE,TRUE
3,196714,"p","2020-01-09 22:42:00",77.8666666666667,TRUE,77.7833333333333,0.0833333333333997,FALSE,TRUE,99.4463775930236,0.331487925309815,1.19335653111533,2.86408027364872,-36381.1839837893,38673.1221661263,TRUE,FALSE,TRUE
3,196714,"p","2020-01-09 22:47:00",77.95,TRUE,77.8666666666667,0.0833333333333002,FALSE,TRUE,99.4470617301217,0.331490205767204,1.19336474076193,2.75407302520124,-36368.6046263851,38772.0616321415,TRUE,FALSE,TRUE
3,196714,"p","2020-01-09 22:52:00",78.0333333333333,TRUE,77.95,0.0833333333333002,FALSE,TRUE,99.4470763647831,0.331490254549409,1.19336491637787,2.63046772423597,-36356.0252691243,38871.0010982473,TRUE,FALSE,TRUE
3,196714,"p","2020-01-09 22:57:00",78.1166666666667,TRUE,78.0333333333333,0.0833333333333997,FALSE,TRUE,99.4470909314296,0.331490303104502,1.19336509117621,2.50682829619804,-36343.4459118635,38969.9405643548,TRUE,FALSE,TRUE
3,196714,"p","2020-01-09 23:02:00",78.2,TRUE,78.1166666666667,0.0833333333333002,FALSE,TRUE,99.4471054685322,0.331490351561906,1.19336526562286,2.38823211046871,-36330.866554611,39068.8800304218,TRUE,FALSE,TRUE
3,196714,"p","2020-01-09 23:07:00",78.2833333333333,TRUE,78.2,0.0833333333333002,FALSE,TRUE,99.4467437855851,0.331489145952082,1.1933609254275,2.35170196613354,-36318.2872714856,39167.8191255108,TRUE,FALSE,TRUE
3,196714,"p","2020-01-09 23:12:00",78.3666666666667,TRUE,78.2833333333333,0.0833333333333997,FALSE,TRUE,95.9532407098104,0.319844135699113,1.15143888851681,2.31904652325666,-36306.3963139667,39263.3134160446,TRUE,FALSE,TRUE
3,196714,"p","2020-01-09 23:17:00",78.45,TRUE,78.3666666666667,0.0833333333333002,FALSE,TRUE,39.3192437072346,0.131064145690834,0.471830924487002,2.26751843930959,-36305.7084880059,39302.7394953272,TRUE,FALSE,TRUE
3,196714,"p","2020-01-09 23:22:00",78.5333333333333,TRUE,78.45,0.0833333333333002,FALSE,TRUE,36.5824781392761,0.121941593797635,0.438989737671488,2.22373114923948,-36303.9910080371,39339.3869060025,TRUE,FALSE,TRUE
3,196714,"o","2020-01-09 23:24:00",78.5666666666667,TRUE,78.5333333333333,0.0333333333334025,FALSE,TRUE,75.4619358456591,0.628849465379188,2.26385807536508,2.20761825602272,-36239.2990012347,39378.863280629,TRUE,FALSE,TRUE
3,196714,"p","2020-01-09 23:27:00",78.6166666666667,TRUE,78.5666666666667,0.0499999999999972,FALSE,TRUE,712.641149273769,3.95911749596561,14.2528229854762,2.49204345814862,-35579.4299479866,39656.4038320496,TRUE,FALSE,TRUE
3,196714,"o","2020-01-09 23:29:00",78.65,TRUE,78.6166666666667,0.033333333333303,FALSE,TRUE,436.901690968965,3.64084742474469,13.1070507290809,2.74331152490739,-35176.6135064893,39830.6021901378,TRUE,FALSE,TRUE
3,196714,"p","2020-01-09 23:32:00",78.7,TRUE,78.65,0.0499999999999972,FALSE,TRUE,115.029947688954,0.639055264938668,2.3005989537792,2.69440020602585,-35291.3227519799,39844.7414404297,TRUE,FALSE,TRUE
3,196714,"p","2020-01-09 23:37:00",78.7833333333333,TRUE,78.7,0.0833333333333002,FALSE,TRUE,311.004128611986,1.03668042870703,3.73204954334532,2.68525137710485,-35602.747855434,39818.9458646724,TRUE,FALSE,TRUE
3,196714,"p","2020-01-09 23:42:00",78.8666666666667,TRUE,78.7833333333333,0.0833333333333997,FALSE,TRUE,46.8368500547084,0.15612283351557,0.562042200656053,2.5880467621791,-35593.1245028354,39772.9676136284,TRUE,FALSE,TRUE
3,196714,"p","2020-01-09 23:47:00",78.95,TRUE,78.8666666666667,0.0833333333333002,FALSE,TRUE,55.4132839768342,0.184710946589521,0.664959407722275,2.49370093199174,-35563.7545293682,39725.7567692973,TRUE,FALSE,TRUE
3,196714,"p","2020-01-09 23:52:00",79.0333333333333,TRUE,78.95,0.0833333333333002,FALSE,TRUE,55.4145083528812,0.184715027843011,0.664974100234839,2.39935548327776,-35534.3824293114,39678.5457924922,TRUE,FALSE,TRUE
3,196714,"p","2020-01-09 23:57:00",79.1166666666667,TRUE,79.0333333333333,0.0833333333333997,FALSE,TRUE,55.4124545812549,0.184708181937369,0.66494945497453,2.3050093232357,-35505.010036487,39631.3374164868,TRUE,FALSE,TRUE
3,196714,"p","2020-01-10 00:02:00",79.2,TRUE,79.1166666666667,0.0833333333333002,FALSE,TRUE,39.3521169219721,0.131173723073293,0.472225403063854,2.20530969048758,-35472.9212110958,39608.2793631216,TRUE,FALSE,TRUE
3,196714,"p","2020-01-10 00:07:00",79.2833333333333,TRUE,79.2,0.0833333333333002,FALSE,TRUE,366.875044013511,1.22291681337886,4.40250052816389,2.21478433986607,-35400.166241946,39968.9722788099,TRUE,FALSE,TRUE
3,196714,"p","2020-01-10 00:12:00",79.3666666666667,TRUE,79.2833333333333,0.0833333333333997,FALSE,TRUE,232.811866346097,0.776039554486374,2.79374239615095,2.17957123637812,-35382.5277977114,40201.7876690621,TRUE,FALSE,TRUE
3,196714,"p","2020-01-10 00:17:00",79.45,TRUE,79.3666666666667,0.0833333333333002,FALSE,TRUE,223.278555837052,0.74426185279047,2.67934267004569,2.14118043725865,-35368.4423096001,40425.2650908048,TRUE,FALSE,TRUE
3,196714,"p","2020-01-10 00:22:00",79.5333333333333,TRUE,79.45,0.0833333333333002,FALSE,TRUE,223.277606309479,0.744258687698559,2.67933127571481,2.10373280784105,-35354.3572041149,40648.741506935,TRUE,FALSE,TRUE
3,196714,"p","2020-01-10 00:27:00",79.6166666666667,TRUE,79.5333333333333,0.0833333333333997,FALSE,TRUE,223.277681404513,0.74425893801445,2.67933217685202,2.08995122458893,-35340.2720986711,40872.2179229428,TRUE,FALSE,TRUE
3,196714,"p","2020-01-10 00:32:00",79.7,TRUE,79.6166666666667,0.0833333333333002,FALSE,TRUE,223.277756684243,0.744259188947772,2.67933308021198,2.15075768218236,-35326.1869932269,41095.6943389517,TRUE,FALSE,TRUE
3,196714,"p","2020-01-10 00:37:00",79.7833333333333,TRUE,79.7,0.0833333333333002,FALSE,TRUE,223.277832032866,0.74425944010985,2.67933398439546,2.21795449802144,-35312.1018877828,41319.1707549651,TRUE,FALSE,TRUE
3,196714,"p","2020-01-10 00:42:00",79.8666666666667,TRUE,79.7833333333333,0.0833333333333997,FALSE,TRUE,223.277907454613,0.744259691514785,2.67933488945322,2.28515428579692,-35298.0167823388,41542.6471709752,TRUE,FALSE,TRUE
3,196714,"p","2020-01-10 00:47:00",79.95,TRUE,79.8666666666667,0.0833333333333002,FALSE,TRUE,223.277982945286,0.744259943151249,2.6793357953445,2.35235409910011,-35283.9316768947,41766.1235869931,TRUE,FALSE,TRUE
3,196714,"p","2020-01-10 00:52:00",80.0333333333333,TRUE,79.95,0.0833333333333002,FALSE,TRUE,223.278058509088,0.744260195030591,2.67933670211013,2.41955393763698,-35269.8465714505,41989.6000029969,TRUE,FALSE,TRUE
3,196714,"p","2020-01-10 00:57:00",80.1166666666667,TRUE,80.0333333333333,0.0833333333333997,FALSE,TRUE,223.278134143205,0.744260447143424,2.67933760971633,2.48675379037887,-35255.7614660063,42213.0764190118,TRUE,FALSE,TRUE
3,196714,"p","2020-01-10 01:02:00",80.2,TRUE,80.1166666666667,0.0833333333333002,FALSE,TRUE,223.278209815787,0.744260699386252,2.67933851779051,2.55385101230645,-35241.6763595819,42436.5528349306,TRUE,FALSE,TRUE
3,196714,"p","2020-01-10 01:07:00",80.2833333333333,TRUE,80.2,0.0833333333333002,FALSE,TRUE,223.277997628181,0.744259992094231,2.67933597153923,2.61131612587066,-35227.5821513399,42660.028390215,TRUE,FALSE,TRUE
3,196714,"o","2020-01-10 01:11:00",80.35,TRUE,80.2833333333333,0.0666666666666913,FALSE,TRUE,178.709029348349,0.744620955617845,2.68063544022424,2.61186403745288,-35202.7251982089,42837.5246008676,TRUE,FALSE,TRUE
3,196714,"p","2020-01-10 01:12:00",80.3666666666667,TRUE,80.35,0.0166666666667084,FALSE,TRUE,57.8840536442577,0.964734227401883,3.47304321864678,2.62777024706095,-35161.6251924656,42878.5999130745,TRUE,FALSE,TRUE
3,196714,"p","2020-01-10 01:17:00",80.45,TRUE,80.3666666666667,0.0833333333333002,FALSE,TRUE,325.421825370399,1.08473941790176,3.90506190444635,2.66015437021045,-34902.5765204486,43077.752917074,TRUE,FALSE,TRUE
3,196714,"o","2020-01-10 01:18:00",80.4666666666667,TRUE,80.45,0.0166666666666941,FALSE,TRUE,57.0273132157826,0.950455220261477,3.42163879294132,2.72381341190563,-34856.9436920537,43112.3436694809,TRUE,FALSE,TRUE
3,196714,"p","2020-01-10 01:22:00",80.5333333333333,TRUE,80.4666666666667,0.066666666666606,FALSE,TRUE,121.594659758053,0.506644415659013,1.82391989637245,2.74132906094055,-34758.5213712071,43184.5988279992,TRUE,FALSE,TRUE
3,196714,"p","2020-01-10 01:27:00",80.6166666666667,TRUE,80.5333333333333,0.0833333333333997,FALSE,TRUE,139.038579044313,0.463461930147341,1.66846294853043,2.75452623337856,-34645.7263106742,43266.8750885345,TRUE,FALSE,TRUE
3,196714,"p","2020-01-10 01:32:00",80.7,TRUE,80.6166666666667,0.0833333333333002,FALSE,TRUE,139.295439992502,0.464318133308524,1.67154527991069,2.76780902125447,-34533.0093916583,43349.693206581,TRUE,FALSE,TRUE
3,196714,"o","2020-01-10 01:34:00",80.7333333333333,TRUE,80.7,0.033333333333303,FALSE,TRUE,67.9860362047399,0.566550301706681,2.03958108614405,2.79131502111469,-34490.6294744015,43403.1685407904,TRUE,FALSE,TRUE
3,196714,"p","2020-01-10 01:37:00",80.7833333333333,TRUE,80.7333333333333,0.0499999999999972,FALSE,TRUE,262.0581175118,1.45587843062119,5.2411623502363,2.90375382902062,-34450.95070927,43662.9771547619,TRUE,FALSE,TRUE
3,196714,"p","2020-01-10 01:42:00",80.8666666666667,TRUE,80.7833333333333,0.0833333333333997,FALSE,TRUE,470.62520482721,1.56875068275612,5.64750245792202,3.02747998270102,-34389.4692678086,44130.9452074834,TRUE,FALSE,TRUE
3,196714,"p","2020-01-10 01:47:00",80.95,TRUE,80.8666666666667,0.0833333333333002,FALSE,TRUE,469.820696564945,1.56606898855044,5.63784835878158,3.15210246798616,-34328.2521756547,44598.1337656948,TRUE,FALSE,TRUE
3,196714,"o","2020-01-10 01:49:00",80.9833333333333,TRUE,80.95,0.033333333333303,FALSE,TRUE,154.848521155977,1.29040434296765,4.64545563468353,3.26803648771384,-34313.1785236753,44752.6952388476,TRUE,FALSE,TRUE
3,196714,"p","2020-01-10 01:52:00",81.0333333333333,TRUE,80.9833333333333,0.0499999999999972,FALSE,TRUE,80.3338057881447,0.446298921045274,1.60667611576298,3.3004722204386,-34373.6503816655,44699.3290995948,TRUE,FALSE,TRUE
3,196714,"p","2020-01-10 01:57:00",81.1166666666667,TRUE,81.0333333333333,0.0833333333333997,FALSE,TRUE,185.188780568807,0.617295935228865,2.22226536682391,3.29931686742357,-34490.6067082245,44554.8768697503,TRUE,FALSE,TRUE
3,196714,"p","2020-01-10 02:02:00",81.2,TRUE,81.1166666666667,0.0833333333333002,FALSE,TRUE,185.32237914473,0.617741263816012,2.22386854973764,2.96517924420861,-34607.6036769877,44410.2851217303,TRUE,FALSE,TRUE
3,196714,"p","2020-01-10 02:07:00",81.2833333333333,TRUE,81.2,0.0833333333333002,FALSE,TRUE,185.322356938577,0.617741189795502,2.22386828326381,2.66286862071369,-34724.6006501277,44265.6933586741,TRUE,FALSE,TRUE
3,196714,"p","2020-01-10 02:12:00",81.3666666666667,TRUE,81.2833333333333,0.0833333333333997,FALSE,TRUE,185.322320384766,0.617741067948728,2.22386784461542,2.6607372010147,-34841.597623268,44121.1015956242,TRUE,FALSE,TRUE
3,196714,"p","2020-01-10 02:17:00",81.45,TRUE,81.3666666666667,0.0833333333333002,FALSE,TRUE,185.322283868264,0.617740946227793,2.22386740642006,2.61884325276677,-34958.5945964087,43976.5098325864,TRUE,FALSE,TRUE
3,196714,"p","2020-01-10 02:22:00",81.5333333333333,TRUE,81.45,0.0833333333333002,FALSE,TRUE,185.322247397805,0.617740824659596,2.22386696877454,2.66500505188118,-35075.5915695493,43831.9180695283,TRUE,FALSE,TRUE
3,196714,"p","2020-01-10 02:27:00",81.6166666666667,TRUE,81.5333333333333,0.0833333333333997,FALSE,TRUE,185.322210963686,0.617740703211796,2.22386653156246,2.7083080275434,-35192.5885426899,43687.326306478,TRUE,FALSE,TRUE
3,196714,"p","2020-01-10 02:32:00",81.7,TRUE,81.6166666666667,0.0833333333333002,FALSE,TRUE,185.322174567852,0.617740581893086,2.22386609481511,2.75161058294841,-35309.5855158302,43542.7345434365,TRUE,FALSE,TRUE
3,196714,"p","2020-01-10 02:37:00",81.7833333333333,TRUE,81.7,0.0833333333333002,FALSE,TRUE,185.322138222179,0.617740460740843,2.22386565866704,2.79491381082876,-35426.5824889707,43398.1427803764,TRUE,FALSE,TRUE
3,196714,"p","2020-01-10 02:42:00",81.8666666666667,TRUE,81.7833333333333,0.0833333333333997,FALSE,TRUE,185.322101896601,0.617740339654846,2.22386522275744,2.84357047248691,-35543.5794621121,43253.5510173554,TRUE,FALSE,TRUE
3,196714,"p","2020-01-10 02:47:00",81.95,TRUE,81.8666666666667,0.0833333333333002,FALSE,TRUE,185.321944525021,0.61773981508365,2.22386333430114,2.78305277265739,-35660.5764431272,43108.9594167765,TRUE,FALSE,TRUE
3,196714,"p","2020-01-10 02:52:00",82.0333333333333,TRUE,81.95,0.0833333333333002,FALSE,TRUE,184.200115292923,0.614000384309989,2.21040138351596,2.76684885563975,-35777.6465373993,42965.8763447019,TRUE,FALSE,TRUE
3,196714,"o","2020-01-10 02:53:00",82.05,TRUE,82.0333333333333,0.0166666666666941,FALSE,TRUE,31.6316530205182,0.527194217007768,1.89789918122796,2.74514209206148,-35801.427427478,42944.8292972506,TRUE,FALSE,TRUE
3,196714,"o","2020-01-10 02:56:00",82.1,TRUE,82.05,0.0499999999999972,FALSE,TRUE,57.2405945401738,0.318003303000983,1.14481189080354,2.70251655359173,-35858.8649706689,42941.8514365757,TRUE,FALSE,TRUE
3,196714,"p","2020-01-10 02:57:00",82.1166666666667,TRUE,82.1,0.0166666666667084,FALSE,TRUE,34.4669982704254,0.57444997117232,2.06801989622035,2.68553565690751,-35833.1874158646,42918.6581675785,TRUE,FALSE,TRUE
3,196714,"p","2020-01-10 03:02:00",82.2,TRUE,82.1166666666667,0.0833333333333002,FALSE,TRUE,254.348464269438,0.847828214231799,3.05218157123447,2.69589255943592,-35631.6993518619,42761.7514424612,TRUE,FALSE,TRUE
3,196714,"p","2020-01-10 03:07:00",82.2833333333333,TRUE,82.2,0.0833333333333002,FALSE,TRUE,257.636035793396,0.858786785978328,3.09163242952198,2.70734529402276,-35427.2976767998,42603.2129270286,TRUE,FALSE,TRUE
3,196714,"p","2020-01-10 03:12:00",82.3666666666667,TRUE,82.2833333333333,0.0833333333333997,FALSE,TRUE,257.636315165865,0.858787717218866,3.09163578198792,2.71879809659317,-35222.8956879649,42444.6742358636,TRUE,FALSE,TRUE
3,196714,"p","2020-01-10 03:17:00",82.45,TRUE,82.3666666666667,0.0833333333333002,FALSE,TRUE,257.636240580631,0.858787468602445,3.0916348869688,2.73025084913829,-35018.4936990957,42286.1355446795,TRUE,FALSE,TRUE
3,196714,"p","2020-01-10 03:22:00",82.5333333333333,TRUE,82.45,0.0833333333333002,FALSE,TRUE,257.636166069673,0.858787220232584,3.0916339928373,2.74170355165849,-34814.0917102269,42127.5968535001,TRUE,FALSE,TRUE
3,196714,"p","2020-01-10 03:27:00",82.6166666666667,TRUE,82.5333333333333,0.0833333333333997,FALSE,TRUE,257.636091669269,0.858786972230212,3.09163310002876,2.75315620416717,-34609.689721358,41969.0581623243,TRUE,FALSE,TRUE
3,196714,"p","2020-01-10 03:32:00",82.7,TRUE,82.6166666666667,0.0833333333333002,FALSE,TRUE,257.636017379189,0.858786724597637,3.09163220855149,2.76460880668831,-34405.287732489,41810.5194711382,TRUE,FALSE,TRUE
3,196714,"p","2020-01-10 03:37:00",82.7833333333333,TRUE,82.7,0.0833333333333002,FALSE,TRUE,257.635943199203,0.858786477331018,3.09163131839166,2.77606145521199,-34200.8857436203,41651.9807799546,TRUE,FALSE,TRUE
3,196714,"p","2020-01-10 03:42:00",82.8666666666667,TRUE,82.7833333333333,0.0833333333333997,FALSE,TRUE,257.635869131145,0.858786230436465,3.09163042957128,2.78747798269385,-33996.4837547511,41493.4420887735,TRUE,FALSE,TRUE
3,196714,"p","2020-01-10 03:47:00",82.95,TRUE,82.8666666666667,0.0833333333333002,FALSE,TRUE,257.635795173166,0.858785983910895,3.09162954207922,2.77688315834475,-33792.0817658822,41334.903397593,TRUE,FALSE,TRUE
3,196714,"p","2020-01-10 03:52:00",83.0333333333333,TRUE,82.95,0.0833333333333002,FALSE,TRUE,257.635721326075,0.858785737753926,3.09162865591413,2.75428779032997,-33587.6797770133,41176.3647064136,TRUE,FALSE,TRUE
3,196714,"p","2020-01-10 03:57:00",83.1166666666667,TRUE,83.0333333333333,0.0833333333333997,FALSE,TRUE,257.635647591395,0.858785491970635,3.09162777109428,2.74512081750088,-33383.2777881446,41017.826015226,TRUE,FALSE,TRUE
3,196714,"p","2020-01-10 04:02:00",83.2,TRUE,83.1166666666667,0.0833333333333002,FALSE,TRUE,257.635573957014,0.858785246523721,3.0916268874854,2.78033490058735,-33178.8757992929,40859.2873240351,TRUE,FALSE,TRUE
3,196714,"p","2020-01-10 04:07:00",83.2833333333333,TRUE,83.2,0.0833333333333002,FALSE,TRUE,257.635429133584,0.858784763778955,3.09162514960424,2.81986718395051,-32974.4739736266,40700.7485398077,TRUE,FALSE,TRUE
3,196714,"p","2020-01-10 04:12:00",83.3666666666667,TRUE,83.2833333333333,0.0833333333333997,FALSE,TRUE,256.978209153588,0.85659403051128,3.08373850984061,2.85909477367079,-32771.5874374723,40541.3458173125,TRUE,FALSE,TRUE
3,196714,"o","2020-01-10 04:13:00",83.3833333333333,TRUE,83.3666666666667,0.0166666666665947,FALSE,TRUE,48.7965247499523,0.813275412502718,2.92779148500978,2.88376728475039,-32738.6136229864,40505.1301617754,TRUE,FALSE,TRUE
3,196714,"p","2020-01-10 04:17:00",83.45,TRUE,83.3833333333333,0.0666666666667055,FALSE,TRUE,202.474982047869,0.843645758532296,3.03712473071626,2.8225440175415,-32703.4095935315,40305.1392943706,TRUE,FALSE,TRUE
3,196714,"p","2020-01-10 04:22:00",83.5333333333333,TRUE,83.45,0.0833333333333002,FALSE,TRUE,257.966487738267,0.859888292461232,3.09559785286044,2.75165777851201,-32671.1681131548,40048.4437498961,TRUE,FALSE,TRUE
3,196714,"p","2020-01-10 04:27:00",83.6166666666667,TRUE,83.5333333333333,0.0833333333333997,FALSE,TRUE,257.969162263391,0.859897207543953,3.09562994715823,2.68104060041137,-32638.932939538,39791.7446096389,TRUE,FALSE,TRUE
3,196714,"p","2020-01-10 04:32:00",83.7,TRUE,83.6166666666667,0.0833333333333002,FALSE,TRUE,257.969060421025,0.859896868070426,3.09562872505353,2.63798985292164,-32606.6977665998,39535.0454689943,TRUE,FALSE,TRUE
3,196714,"p","2020-01-10 04:37:00",83.7833333333333,TRUE,83.7,0.0833333333333002,FALSE,TRUE,257.968958391762,0.859896527972883,3.09562750070238,2.6793496136144,-32574.4625936618,39278.3463283423,TRUE,FALSE,TRUE
3,196714,"p","2020-01-10 04:42:00",83.8666666666667,TRUE,83.7833333333333,0.0833333333333997,FALSE,TRUE,257.968856355396,0.859896187850636,3.09562627626229,2.70360963887658,-32542.2274207327,39021.6471878184,TRUE,FALSE,TRUE
3,196714,"p","2020-01-10 04:47:00",83.95,TRUE,83.8666666666667,0.0833333333333002,FALSE,TRUE,257.967721052166,0.859892403507561,3.09561265262722,2.72782475284574,-32509.9923310755,38764.9490814192,TRUE,FALSE,TRUE
3,196714,"p","2020-01-10 04:52:00",84.0333333333333,TRUE,83.95,0.0833333333333002,FALSE,TRUE,248.371275190153,0.827904250634172,2.98045530228302,2.7488410589296,-32478.5304783142,38517.8537601803,TRUE,FALSE,TRUE
3,196714,"p","2020-01-10 04:57:00",84.1166666666667,TRUE,84.0333333333333,0.0833333333333997,FALSE,TRUE,92.4680336886693,0.308226778961986,1.10961640426315,2.71788963003093,-32459.6539667926,38427.055163623,TRUE,FALSE,TRUE
3,196714,"p","2020-01-10 05:02:00",84.2,TRUE,84.1166666666667,0.0833333333333002,FALSE,TRUE,82.9714599335935,0.276571533112088,0.995657519203518,2.68377268871936,-32441.485354906,38345.8462927109,TRUE,FALSE,TRUE
3,196714,"o","2020-01-10 05:05:00",84.25,TRUE,84.2,0.0499999999999972,FALSE,TRUE,58.0329655309853,0.322405364061048,1.16065931061977,2.6542391426595,-32414.9871983435,38294.0040819211,TRUE,FALSE,TRUE
3,196714,"p","2020-01-10 05:07:00",84.2833333333333,TRUE,84.25,0.033333333333303,FALSE,TRUE,118.340952265766,0.986174602215616,3.55022856797622,2.69108253255989,-32308.2784874387,38241.6447959481,TRUE,FALSE,TRUE
3,196714,"p","2020-01-10 05:12:00",84.3666666666667,TRUE,84.2833333333333,0.0833333333333997,FALSE,TRUE,333.113881351257,1.11037960450331,3.9973665762119,2.74034643482091,-32003.6746274595,38103.1847711153,TRUE,FALSE,TRUE
3,196714,"p","2020-01-10 05:17:00",84.45,TRUE,84.3666666666667,0.0833333333333002,FALSE,TRUE,333.515251065503,1.11171750355212,4.00218301278763,2.78974413910204,-31698.664582323,37964.6435587094,TRUE,FALSE,TRUE
3,196714,"p","2020-01-10 05:22:00",84.5333333333333,TRUE,84.45,0.0833333333333002,FALSE,TRUE,333.515203894651,1.11171734631595,4.00218244673741,2.83914183976815,-31393.6544934438,37826.1023375699,TRUE,FALSE,TRUE
3,196714,"p","2020-01-10 05:27:00",84.6166666666667,TRUE,84.5333333333333,0.0833333333333997,FALSE,TRUE,333.515113734194,1.11171704577976,4.00218136480715,2.88853956283776,-31088.6444045598,37687.5611164245,TRUE,FALSE,TRUE
3,196714,"p","2020-01-10 05:32:00",84.7,TRUE,84.6166666666667,0.0833333333333002,FALSE,TRUE,333.515023810612,1.11171674603582,4.00218028572893,2.93831119901034,-30783.6343156756,37549.0198952817,TRUE,FALSE,TRUE
3,196714,"p","2020-01-10 05:37:00",84.7833333333333,TRUE,84.7,0.0833333333333002,FALSE,TRUE,333.514934128915,1.11171644709683,4.00217920954857,2.99676342201925,-30478.6242267917,37410.4786741364,TRUE,FALSE,TRUE
3,196714,"p","2020-01-10 05:42:00",84.8666666666667,TRUE,84.7833333333333,0.0833333333333997,FALSE,TRUE,333.51484468729,1.11171614895675,4.00217813624429,3.07613470661482,-30173.6141379077,37271.9374529937,TRUE,FALSE,TRUE
3,196714,"p","2020-01-10 05:47:00",84.95,TRUE,84.8666666666667,0.0833333333333002,FALSE,TRUE,333.514755497118,1.1117158516575,4.00217706596701,3.12986129466334,-29868.6040490193,37133.3962318325,TRUE,FALSE,TRUE
3,196714,"p","2020-01-10 05:52:00",85.0333333333333,TRUE,84.95,0.0833333333333002,FALSE,TRUE,333.514749382594,1.11171583127576,4.00217699259272,3.15625005636774,-29563.5939203655,36994.85489732,TRUE,FALSE,TRUE
3,196714,"p","2020-01-10 05:57:00",85.1166666666667,TRUE,85.0333333333333,0.0833333333333997,FALSE,TRUE,334.284875598187,1.11428291865974,4.01141850717505,3.18179966963588,-29258.2145402847,36855.2609883974,TRUE,FALSE,TRUE
3,196714,"o","2020-01-10 05:59:00",85.15,TRUE,85.1166666666667,0.033333333333303,FALSE,TRUE,165.164644944555,1.37637204120588,4.95493934834116,3.23355810203458,-29122.3059581164,36760.2087152048,TRUE,FALSE,TRUE
3,196714,"p","2020-01-10 06:02:00",85.2,TRUE,85.15,0.0499999999999972,FALSE,TRUE,585.036472118767,3.25020262288222,11.700729442376,3.47269961746256,-28797.0230066978,36271.514735172,TRUE,FALSE,TRUE
3,196714,"p","2020-01-10 06:07:00",85.2833333333333,TRUE,85.2,0.0833333333333002,FALSE,TRUE,1044.17129740229,3.48057099134234,12.5300555688324,3.73487799457353,-28231.2533760932,35389.6620383425,TRUE,FALSE,TRUE
3,196714,"p","2020-01-10 06:12:00",85.3666666666667,TRUE,85.2833333333333,0.0833333333333997,FALSE,TRUE,1044.34387561833,3.48114625205833,12.53212650741,3.99711392255634,-27665.4243492336,34507.6400287692,TRUE,FALSE,TRUE
3,196714,"p","2020-01-10 06:17:00",85.45,TRUE,85.3666666666667,0.0833333333333002,FALSE,TRUE,1044.34242288231,3.48114140960909,12.5321090745927,4.25934939105749,-27099.5953162059,33625.618001169,TRUE,FALSE,TRUE
3,196714,"p","2020-01-10 06:22:00",85.5333333333333,TRUE,85.45,0.0833333333333002,FALSE,TRUE,1044.33805753092,3.48112685843778,12.532056690376,4.52158342916816,-26533.7684041228,32743.5980733396,TRUE,FALSE,TRUE
3,196714,"p","2020-01-10 06:27:00",85.6166666666667,TRUE,85.5333333333333,0.0833333333333997,FALSE,TRUE,1017.41180366445,3.39137267887879,12.2089416439636,4.7748420740124,-25987.6359958347,31881.0759302441,TRUE,FALSE,TRUE
3,196714,"p","2020-01-10 06:32:00",85.7,TRUE,85.6166666666667,0.0833333333333002,FALSE,TRUE,588.148092196056,1.9604936406543,7.05777710635548,4.88501283968674,-25762.0550129854,31335.9033763719,TRUE,FALSE,TRUE
3,196714,"p","2020-01-10 06:37:00",85.7833333333333,TRUE,85.7,0.0833333333333002,FALSE,TRUE,562.797313522377,1.87599104507534,6.75356776227121,4.98673337041888,-25556.168533931,30810.228607233,TRUE,FALSE,TRUE
3,196714,"p","2020-01-10 06:42:00",85.8666666666667,TRUE,85.7833333333333,0.0833333333333997,FALSE,TRUE,562.794144198784,1.87598048066112,6.75352973038003,5.08845286928793,-25350.2841758218,30284.555937861,TRUE,FALSE,TRUE
3,196714,"p","2020-01-10 06:47:00",85.95,TRUE,85.8666666666667,0.0833333333333002,FALSE,TRUE,562.793694317192,1.87597898105805,6.75352433180899,5.19017224274136,-25144.3998179409,29758.8832686998,TRUE,FALSE,TRUE
3,196714,"p","2020-01-10 06:52:00",86.0333333333333,TRUE,85.95,0.0833333333333002,FALSE,TRUE,562.793245869553,1.87597748623259,6.75351895043733,5.29189151498672,-24938.5154600605,29233.210599557,TRUE,FALSE,TRUE
3,196714,"p","2020-01-10 06:57:00",86.1166666666667,TRUE,86.0333333333333,0.0833333333333997,FALSE,TRUE,562.792798567905,1.87597599522486,6.75351358280949,5.39382971145808,-24732.6311021797,28707.5379303966,TRUE,FALSE,TRUE
3,196714,"p","2020-01-10 07:02:00",86.2,TRUE,86.1166666666667,0.0833333333333002,FALSE,TRUE,562.792352405186,1.87597450801803,6.75350822886491,5.50009962100961,-24526.7467442989,28181.8652612482,TRUE,FALSE,TRUE
3,196714,"p","2020-01-10 07:07:00",86.2833333333333,TRUE,86.2,0.0833333333333002,FALSE,TRUE,562.791907387791,1.87597302462672,6.75350288865618,5.60333234761906,-24320.8623864183,27656.1925921028,TRUE,FALSE,TRUE
3,196714,"p","2020-01-10 07:12:00",86.3666666666667,TRUE,86.2833333333333,0.0833333333333997,FALSE,TRUE,562.791463511701,1.87597154503751,6.75349756213504,5.70494067287668,-24114.9780285375,27130.5199229446,TRUE,FALSE,TRUE
3,196714,"p","2020-01-10 07:17:00",86.45,TRUE,86.3666666666667,0.0833333333333002,FALSE,TRUE,562.791020779218,1.87597006926481,6.75349224935331,5.80654795904877,-23909.0936706567,26604.8472537951,TRUE,FALSE,TRUE
3,196714,"p","2020-01-10 07:22:00",86.5333333333333,TRUE,86.45,0.0833333333333002,FALSE,TRUE,562.790579188756,1.8759685972966,6.75348695026775,5.90815513197139,-23703.2093127763,26079.1745846469,TRUE,FALSE,TRUE
3,196714,"p","2020-01-10 07:27:00",86.6166666666667,TRUE,86.5333333333333,0.0833333333333997,FALSE,TRUE,562.790138739197,1.87596712912916,6.75348166486499,6.00976219208701,-23497.3249548954,25553.5019154958,TRUE,FALSE,TRUE
3,196714,"p","2020-01-10 07:32:00",86.7,TRUE,86.6166666666667,0.0833333333333002,FALSE,TRUE,562.789699437712,1.87596566479312,6.75347639325523,6.11136913978126,-23291.4405970146,25027.8292463415,TRUE,FALSE,TRUE
3,196714,"p","2020-01-10 07:37:00",86.7833333333333,TRUE,86.7,0.0833333333333002,FALSE,TRUE,562.789261273882,1.87596420424702,6.75347113528927,6.21297631985521,-23085.5562391339,24502.1565771942,TRUE,FALSE,TRUE
3,196714,"p","2020-01-10 07:42:00",86.8666666666667,TRUE,86.7833333333333,0.0833333333333997,FALSE,TRUE,562.788824252644,1.87596274750732,6.75346589102635,6.31778216954252,-22879.6718812533,23976.4839080416,TRUE,FALSE,TRUE
3,196714,"p","2020-01-10 07:47:00",86.95,TRUE,86.8666666666667,0.0833333333333002,FALSE,TRUE,562.788388377948,1.87596129459391,6.75346066053806,6.47455562110571,-22673.7875233724,23450.8112388886,TRUE,FALSE,TRUE
3,196714,"p","2020-01-10 07:52:00",87.0333333333333,TRUE,86.95,0.0833333333333002,FALSE,TRUE,562.787953642588,1.87595984547604,6.75345544371375,6.63449445234211,-22467.9031654922,22925.1385697431,TRUE,FALSE,TRUE
3,196714,"p","2020-01-10 07:57:00",87.1166666666667,TRUE,87.0333333333333,0.0833333333333997,FALSE,TRUE,562.787517601817,1.87595839200456,6.75345021121643,6.78984975513646,-22262.0188105812,22399.4659020642,TRUE,FALSE,TRUE
3,196714,"o","2020-01-10 08:06:00",87.2666666666667,TRUE,87.1166666666667,0.149999999999991,FALSE,TRUE,979.486391849635,1.81386368861054,6.52990927899794,6.87261866377595,-21932.6211839196,21473.8056267638,TRUE,TRUE,TRUE
